t,o,h,l,c,v
2020-12-23,105.2,105.2,105.2,105.2,3490.0
2020-12-24,117.8,121.5,117.8,121.5,3469.0
2020-12-25,121.0,123.1,120.3,123.1,28067.0
2020-12-26,125.0,135.7,118.5,122.0,89365728.543
2020-12-27,122.0,126.3,118.5,122.0,38944498.06606636
2020-12-28,122.0,123.6,113.6,118.9,30428809.63480113
2020-12-29,118.0,125.0,115.8,122.8,26696988.3401832
2020-12-30,122.1,125.0,121.0,123.0,13803252.61064055
2020-12-31,123.4,147.0,122.2,144.0,73035904.19921497
2021-01-01,144.0,510.0,136.0,230.0,954520196.2417132
2021-01-02,245.0,430.0,220.0,291.5,1034876101.6504589
2021-01-03,292.0,319.0,200.0,258.3,658687277.463563
2021-01-04,258.3,275.0,243.0,257.0,267867654.18361583
2021-01-05,257.0,296.0,255.0,273.0,348742382.51325715
2021-01-06,273.0,278.0,260.0,265.2,216674633.19395038
2021-01-07,265.0,270.0,241.6,246.0,147972165.62194815
2021-01-08,246.0,282.0,241.2,261.3,267386439.88279253
2021-01-09,261.0,275.6,245.0,250.0,162195348.93077272
2021-01-10,250.0,265.0,179.0,202.6,370938707.83261305
2021-01-11,202.8,249.0,198.0,213.9,344118543.8101734
2021-01-12,212.0,221.0,203.0,210.0,148989815.59059137
2021-01-13,209.0,245.0,208.0,233.0,333822982.4802785
2021-01-14,233.0,240.0,209.0,221.8,246333904.05013466
2021-01-15,222.0,233.0,210.0,215.0,112927930.09049581
2021-01-16,215.0,218.0,193.0,205.5,155989041.42886594
2021-01-17,205.6,212.0,199.4,201.0,99205811.8566764
2021-01-18,200.3,210.0,198.0,203.5,124551947.73495564
2021-01-19,203.0,212.0,201.9,211.0,108745843.03005044
2021-01-20,211.9,217.0,200.0,205.6,98528344.09246948
2021-01-21,205.9,209.0,189.0,203.0,79411699.1715535
2021-01-22,202.1,205.0,200.0,202.0,36347216.63406137
2021-01-23,202.9,212.0,202.0,205.2,87891597.06513253
2021-01-24,205.2,209.0,203.0,204.0,71264820.64234395
2021-01-25,204.2,204.9,195.0,201.4,63366699.857517734
2021-01-26,201.4,201.5,180.0,187.9,103714998.41812384
2021-01-27,187.0,600.0,183.3,560.0,1937494370.9618888
2021-01-28,556.0,1560.0,501.0,1118.0,1369333376.5206635
2021-01-29,1120.0,1408.9,549.7,570.0,571382421.51604
2021-01-30,576.0,1200.0,550.5,1150.0,685314289.2536613
2021-01-31,1150.0,1205.0,865.0,934.0,483296037.34577805
2021-02-01,934.0,950.0,750.0,774.0,202460243.83750212
2021-02-02,774.0,890.0,761.0,884.0,194619238.45866725
2021-02-03,881.0,1330.0,823.0,1180.0,1011544055.1163554
2021-02-04,1180.0,1300.0,1050.0,1124.0,359939621.826082
2021-02-05,1124.0,1400.0,1114.0,1326.0,437118326.16656315
2021-02-06,1326.0,2000.0,1230.0,1888.0,733149823.6184247
2021-02-07,1880.0,2200.0,1700.0,2033.0,612328361.3966362
2021-02-08,2034.0,2150.0,1750.0,1965.0,331750069.71543556
2021-02-09,1958.0,2050.0,1850.0,1960.0,239584108.33531594
2021-02-10,1965.0,1990.0,1900.0,1920.0,138991132.3680071
2021-02-11,1924.0,1940.0,1730.0,1880.0,198630364.1391709
2021-02-12,1881.0,1960.0,1800.0,1813.0,168096464.49838182
2021-02-13,1814.0,1860.0,1550.0,1650.2,191690391.73804677
2021-02-14,1650.0,1780.0,1258.0,1602.0,308343490.48471004
2021-02-15,1601.0,1643.0,1380.0,1400.0,152938660.6861176
2021-02-16,1403.0,1500.0,1350.0,1372.0,165746445.29434657
2021-02-17,1372.0,1696.0,1320.0,1649.0,324001867.29439116
2021-02-18,1653.0,1655.0,1335.0,1427.0,288436787.0626978
2021-02-19,1427.0,1570.0,1365.0,1460.0,232422027.8617992
2021-02-20,1465.0,1508.0,1393.0,1433.0,106791759.30458342
2021-02-21,1433.0,1585.0,1163.0,1390.0,294188401.4689944
2021-02-22,1390.0,1430.0,1000.0,1158.5,149399625.82145786
2021-02-23,1158.9,1680.0,1152.0,1471.0,267270561.53096128
2021-02-24,1471.0,1700.0,1340.0,1417.9,141979245.59000123
2021-02-25,1415.1,1420.0,1200.0,1351.5,124981727.31238315
2021-02-26,1351.5,1443.0,1320.0,1342.9,66069120.106285274
2021-02-27,1344.0,1345.0,1150.0,1267.1,105245436.46717644
2021-02-28,1266.0,1352.0,1133.0,1314.0,138814447.3853218
2021-03-01,1314.0,1400.0,1270.0,1287.0,92186309.68843207
2021-03-02,1287.0,1344.0,1270.0,1310.0,70197954.18441464
2021-03-03,1309.0,1313.0,1212.0,1251.6,65839664.40895239
2021-03-04,1252.0,1315.0,1250.0,1287.1,55514119.72945771
2021-03-05,1287.1,1331.0,1269.0,1291.0,70067571.61696503
2021-03-06,1289.8,1375.0,1268.0,1272.0,51844297.754377715
2021-03-07,1271.2,1500.0,1270.0,1426.0,285106248.80589795
2021-03-08,1426.0,1520.0,1382.0,1415.0,248382788.8112853
2021-03-09,1415.0,1446.0,1300.0,1399.0,143791296.94953385
2021-03-10,1399.0,1415.0,1340.0,1407.9,72984622.86674838
2021-03-11,1408.0,1440.0,1350.0,1394.0,70040986.29023752
2021-03-12,1395.7,1505.0,1390.0,1472.0,125078293.37964784
2021-03-13,1472.6,1569.0,1450.0,1493.3,183983530.90857673
2021-03-14,1493.4,1516.7,1369.0,1467.0,81692820.95004718
2021-03-15,1466.0,1506.0,1385.0,1492.5,71316062.83245364
2021-03-16,1492.5,1500.0,1465.2,1489.8,40215428.23813283
2021-03-17,1489.8,1501.0,1393.4,1487.0,41571985.973993786
2021-03-18,1487.0,1550.0,1440.0,1531.0,72989619.04484516
2021-03-19,1531.0,1750.0,1521.9,1555.0,137378233.6605286
2021-03-20,1555.0,1595.9,1526.0,1569.0,64350515.66650315
2021-03-21,1568.1,1583.0,1533.0,1541.0,60363622.4276017
2021-03-22,1541.0,1560.0,1479.5,1483.2,72654810.06413884
2021-03-23,1485.0,1550.0,1440.0,1456.0,73834244.41828355
2021-03-24,1452.0,1479.0,1311.0,1387.0,75673759.86969115
2021-03-25,1391.0,1449.9,1375.0,1386.4,69387945.9933183
2021-03-26,1386.4,1440.0,1386.0,1427.5,54947352.60267989
2021-03-27,1427.5,1434.6,1400.0,1415.1,33084941.039467834
2021-03-28,1413.1,1437.8,1400.0,1422.0,45621097.24655556
2021-03-29,1422.0,1450.0,1414.0,1423.0,71408722.09427251
2021-03-30,1423.0,1435.0,1390.0,1412.5,88429191.16066533
2021-03-31,1412.5,1870.0,1380.0,1550.0,582242122.3277477
2021-04-01,1550.0,1650.0,1470.0,1480.0,184830139.90840504
2021-04-02,1483.0,1560.0,1400.0,1470.1,174553727.25973988
2021-04-03,1470.7,1550.0,1415.0,1480.0,154285075.8314798
2021-04-04,1478.5,1667.9,1412.0,1515.0,218888272.89489487
2021-04-05,1516.0,1800.0,1447.0,1640.0,397515603.16267115
2021-04-06,1638.0,1748.9,1327.6,1564.9,304289230.5271556
2021-04-07,1563.0,1650.0,1554.0,1606.1,107235674.14623
2021-04-08,1605.9,1686.0,1505.0,1614.8,96630773.45670389
2021-04-09,1614.8,1700.0,1599.0,1650.9,163306873.4941336
2021-04-10,1651.0,2100.0,1630.0,1934.0,619719544.9093854
2021-04-11,1934.9,2050.0,1835.0,1881.0,245013675.19108444
2021-04-12,1882.1,2600.0,1854.0,2282.0,409162450.4544217
2021-04-13,2280.0,4010.0,2220.0,3097.9,696950139.6061893
2021-04-14,3095.0,4400.0,2800.0,4240.0,536726168.5524513
2021-04-15,4250.0,10260.0,3800.0,8000.0,972036796.7210767
2021-04-16,8000.0,10060.0,5809.0,7700.0,466065362.4453447
2021-04-17,7716.0,9310.0,6000.0,8400.0,421276791.85165185
2021-04-18,8399.0,12050.0,7800.0,10110.0,489025799.1268036
2021-04-19,10110.0,11100.0,7350.0,8631.0,288799829.8507552
2021-04-20,8631.0,9800.0,7000.0,7900.0,275279314.2467487
2021-04-21,7900.0,8850.0,5999.0,7095.0,327385297.2129895
2021-04-22,7090.0,7900.0,3955.0,5749.0,453066536.1837556
2021-04-23,5744.0,7750.0,5150.0,6804.0,377375423.94607884
2021-04-24,6808.0,7000.0,5900.0,6320.0,165292234.6220694
2021-04-25,6321.0,7500.0,5000.0,6556.0,246447309.57365072
2021-04-26,6556.0,6998.0,5749.0,6526.0,129559788.75140297
2021-04-27,6547.0,8901.0,6161.0,7500.1,337095873.66878664
2021-04-28,7500.1,7960.0,7000.0,7410.0,144556191.097272
2021-04-29,7411.0,8500.0,7250.0,7837.9,134352533.70433897
2021-04-30,7837.9,8700.0,7380.0,8483.0,211509538.59009445
2021-05-01,8478.0,9189.0,8200.0,8770.0,178425292.57322794
2021-05-02,8770.0,9520.0,8525.0,9300.0,160900926.4442168
2021-05-03,9303.2,13400.0,9204.0,12050.0,392656089.5947294
2021-05-04,12005.0,15500.0,11200.0,13200.0,381149807.5545588
2021-05-05,13155.0,14800.0,10500.0,12798.0,185334528.60629025
2021-05-06,12790.0,15100.0,11250.0,14449.0,213753879.13064283
2021-05-07,14350.0,17499.0,12000.0,15580.0,315925462.5036958
2021-05-08,15520.0,16736.0,8500.0,13750.0,396100743.6324299
2021-05-09,13701.0,15000.0,10000.0,11187.0,240965764.89546117
2021-05-10,11189.0,14000.0,9500.0,11780.0,197814426.65564978
2021-05-11,11780.0,13001.0,9200.0,10885.0,108140204.24288844
2021-05-12,10885.0,11600.0,8500.0,9800.0,174857589.4571217
2021-05-13,9800.0,16000.0,9000.0,13101.0,294688396.2900345
2021-05-14,13130.0,13800.0,11000.0,11970.0,134993879.33214855
2021-05-15,11990.0,13500.0,11470.0,12317.0,92478472.36362447
2021-05-16,12317.0,12900.2,10500.0,11537.9,117725155.86587934
2021-05-17,11537.9,12089.0,11050.0,11077.0,65203392.74545458
2021-05-18,11077.0,11310.0,5000.0,8660.0,222954455.9468234
2021-05-19,8650.0,11300.0,8016.2,9800.0,214773818.07096812
2021-05-20,9805.0,10351.0,7500.0,8400.0,111320646.08026147
2021-05-21,8400.0,9334.0,7866.0,8148.0,109328114.0725577
2021-05-22,8150.0,8750.0,6000.0,6911.0,149937948.97654098
2021-05-23,6906.0,8935.0,6761.0,8025.0,170529249.8200896
2021-05-24,8035.0,9180.0,7312.0,8122.0,160742622.6321113
2021-05-25,8122.0,9322.0,7300.0,8265.1,99068883.47800155
2021-05-26,8266.0,8469.0,7120.0,7930.0,52394239.46057568
2021-05-27,7923.0,8550.0,7070.0,7685.0,72093297.8138413
2021-05-28,7684.0,7800.0,7000.0,7160.0,60384716.83895474
2021-05-29,7150.4,7747.0,7100.0,7510.0,49506466.975313686
2021-05-30,7508.0,7588.0,7050.0,7550.0,49379017.78459992
2021-05-31,7550.0,8199.0,7500.0,7988.0,105560647.18153194
2021-06-01,7988.2,12000.0,7600.0,9899.0,374056472.21634316
2021-06-02,9899.0,11000.0,8500.0,9530.0,180849926.58664078
2021-06-03,9530.0,9925.0,7874.0,9415.0,189095998.27575216
2021-06-04,9415.0,10289.0,8830.0,9181.0,132264987.76215944
2021-06-05,9189.0,9230.0,8850.0,8992.0,57504487.58762297
2021-06-06,8992.1,9800.0,8400.0,8699.0,68682636.23918787
2021-06-07,8699.0,8770.0,6665.0,8011.0,164487962.89056453
2021-06-08,8013.0,8480.0,7575.0,8068.0,119420583.12449825
2021-06-09,8056.0,8323.2,7760.0,7858.0,71099365.78704679
2021-06-10,7860.0,7961.0,7500.0,7689.0,42430858.033551455
2021-06-11,7685.0,8000.0,7298.0,7470.1,64253383.24517408
2021-06-12,7480.0,7715.0,7355.1,7579.0,33766350.37311271
2021-06-13,7592.1,8050.0,7570.0,7700.0,74623019.97864695
2021-06-14,7695.0,7848.0,7647.0,7728.0,32591497.572756942
2021-06-15,7731.1,7760.0,7500.0,7589.0,27237979.21904612
2021-06-16,7581.0,7660.0,7487.0,7536.0,15498953.377993707
2021-06-17,7524.1,7600.0,7000.0,7060.0,33283452.39312942
2021-06-18,7059.0,7344.0,6813.0,6926.0,35002848.30999763
2021-06-19,6926.0,6940.0,5970.0,6648.0,82677653.54345588
2021-06-20,6650.0,7100.0,5000.0,5090.0,151846562.1112449
2021-06-21,5100.0,5385.0,3999.0,4674.0,259061628.89381507
2021-06-22,4662.1,6170.0,4426.0,5360.0,219941297.66784254
2021-06-23,5360.0,6200.0,5150.0,6130.0,168580036.9064985
2021-06-24,6125.0,7750.0,5710.1,5970.0,276014258.67309684
2021-06-25,5970.0,6300.0,5200.0,5864.0,152216040.5767714
2021-06-26,5865.0,6880.0,5700.0,5952.0,81264484.72548085
2021-06-27,5958.0,6460.0,5930.0,6282.0,109575377.19594719
2021-06-28,6283.0,6870.2,6050.0,6605.0,167353567.84239063
2021-06-29,6600.0,6700.0,5900.0,6257.0,118368218.81241132
2021-06-30,6255.1,6670.0,6000.0,6121.0,114794190.18337223
2021-07-01,6112.1,6270.0,6080.0,6166.0,41321207.48915409
2021-07-02,6170.0,6406.0,6150.0,6224.0,37205493.240787625
2021-07-03,6224.0,6324.0,6170.0,6280.0,38365381.17821725
2021-07-04,6262.0,6500.0,5640.0,5903.0,68421734.72647616
2021-07-05,5911.0,6112.0,5813.0,5860.0,42969408.32723484
2021-07-06,5850.0,5985.0,5780.0,5834.0,25360673.842530217
2021-07-07,5824.0,5841.0,5282.0,5370.0,61106251.04822564
2021-07-08,5368.9,5900.0,5000.0,5497.0,113355128.4340474
2021-07-09,5489.0,5675.0,5303.0,5342.0,39441538.80630068
2021-07-10,5342.0,5460.3,5250.0,5400.1,31503311.949224968
2021-07-11,5407.0,5440.0,5109.0,5153.2,39640517.532761194
2021-07-12,5152.1,5317.0,4960.0,4980.0,42821328.54227367
2021-07-13,4981.1,5090.0,4651.1,4910.0,77053706.9630473
2021-07-14,4911.0,4999.0,4557.8,4675.0,53465917.021866165
2021-07-15,4670.0,4739.0,4400.0,4427.0,58976242.269727364
2021-07-16,4426.0,4900.0,4010.0,4871.0,90926663.56586958
2021-07-17,4879.0,5100.0,4415.0,4555.0,108611505.22668377
2021-07-18,4555.0,4569.9,4257.8,4311.0,45999986.40031327
2021-07-19,4311.0,4510.0,4019.9,4235.0,77715996.91364789
2021-07-20,4230.0,5302.0,4059.0,4665.0,223820630.73983723
2021-07-21,4665.0,4810.0,4185.0,4720.0,105140596.08216733
2021-07-22,4720.0,4992.0,4500.0,4591.0,89415929.98358782
2021-07-23,4591.0,5000.0,4554.0,4828.0,97071235.27443522
2021-07-24,4828.0,4929.0,4700.0,4801.1,65568193.594432004
2021-07-25,4801.1,6000.0,4730.0,5598.0,232443390.08996102
2021-07-26,5598.0,5600.0,4600.0,5034.0,148898270.1091338
2021-07-27,5035.0,5280.0,5000.0,5130.0,103063721.99507546
2021-07-28,5134.0,5219.0,5095.3,5115.0,39207719.16479568
2021-07-29,5104.7,5254.0,5020.0,5141.8,55873003.57928618
2021-07-30,5140.6,5304.0,5113.0,5264.9,68103571.79376808
2021-07-31,5262.0,5600.0,5245.3,5353.0,74365398.2133758
2021-08-01,5358.9,5434.0,5208.0,5256.0,48182405.48740816
2021-08-02,5256.0,5261.0,5000.0,5090.0,39880137.049398325
2021-08-03,5085.0,5231.0,5041.0,5183.0,41888873.46250932
2021-08-04,5183.0,5213.0,5080.0,5165.0,36203003.62527618
2021-08-05,5162.6,5264.0,5105.0,5243.0,38441595.051435694
2021-08-06,5240.0,6750.0,5190.5,6300.0,246549296.81099385
2021-08-07,6299.0,6980.0,5862.0,6049.0,280330982.1941702
2021-08-08,6055.0,7180.0,5900.0,6783.0,219257968.7816874
2021-08-09,6785.0,6785.0,6400.0,6673.0,135492256.3365225
2021-08-10,6675.0,7643.0,6600.0,7517.9,233853666.3341137
2021-08-11,7512.0,8200.7,6750.0,7169.0,241944955.19662374
2021-08-12,7164.1,7610.0,6915.0,7275.0,133477613.55494411
2021-08-13,7275.0,7865.8,6995.0,7585.1,164695111.75537354
2021-08-14,7585.0,8876.0,7550.0,8849.0,228923059.3420295
2021-08-15,8845.0,9755.0,7999.0,9185.0,293854892.5836212
2021-08-16,9181.0,9481.0,8795.0,9020.0,156372867.95436263
2021-08-17,9010.0,9261.0,8050.0,8515.0,264530818.27503645
2021-08-18,8521.0,8870.0,8323.0,8730.0,147833114.90071404
2021-08-19,8731.0,9300.0,8670.0,8960.0,121432549.87196209
2021-08-20,8959.0,9080.0,8700.0,8775.0,68649225.95646319
2021-08-21,8775.0,8872.0,8515.0,8636.0,56607011.29121439
2021-08-22,8636.0,8917.8,8575.0,8675.0,60320962.67633041
2021-08-23,8674.1,8800.4,7800.0,8245.0,83041697.90190573
2021-08-24,8250.0,8530.0,7900.0,8272.4,81532050.94490546
2021-08-25,8272.4,8296.0,7470.0,7491.0,88037543.68499729
2021-08-26,7486.1,8200.0,7475.0,8040.0,79971591.41413175
2021-08-27,8041.0,8344.0,7801.0,7927.0,73184959.35789388
2021-08-28,7927.0,8099.0,7501.0,7882.0,38688681.14588059
2021-08-29,7880.0,7980.0,7423.0,7653.0,53535977.11995633
2021-08-30,7650.1,7900.0,7440.0,7627.0,55446632.56785647
2021-08-31,7622.0,7951.0,7550.0,7827.2,51076935.89781621
2021-09-01,7827.2,8360.0,7780.0,8169.0,94966219.04324013
2021-09-02,8166.0,8334.0,7960.0,8157.0,83918875.36373806
2021-09-03,8157.0,8500.0,7994.9,8160.0,68639737.66790845
2021-09-04,8150.0,8463.0,8046.9,8462.0,53912682.0428896
2021-09-05,8465.0,8604.0,8000.0,8410.0,79608734.97832917
2021-09-06,8410.0,8470.0,6400.0,7180.1,114234790.64792535
2021-09-07,7180.2,7469.0,6500.0,7270.0,100324183.24459575
2021-09-08,7266.1,7320.0,7070.0,7170.0,43500639.042011395
2021-09-09,7170.0,7320.0,6815.0,6935.0,35443451.926842585
2021-09-10,6936.1,7486.0,6733.0,6882.0,33512550.927497976
2021-09-11,6882.0,6981.0,6770.0,6815.0,31969460.82042252
2021-09-12,6815.0,7020.0,6338.0,6590.0,43193280.99688952
2021-09-13,6588.0,6770.0,6525.0,6620.0,26099558.1791243
2021-09-14,6619.9,6875.0,6610.1,6820.0,24465842.4492759
2021-09-15,6825.0,6867.0,6400.0,6655.0,19672261.596617643
2021-09-16,6654.0,7222.0,6534.0,6792.0,53252115.434054226
2021-09-17,6792.0,6923.5,6667.0,6698.0,15977077.091821
2021-09-18,6677.0,6737.8,6500.0,6586.0,12026493.141197434
2021-09-19,6586.0,6607.8,5632.4,5799.0,46162136.912607804
2021-09-20,5798.6,6190.0,5770.0,5802.0,34462126.62715086
2021-09-21,5802.0,6300.0,5582.0,6200.0,46737026.5207737
2021-09-22,6190.5,6361.0,6078.0,6201.0,33203324.556241985
2021-09-23,6201.0,6311.0,5681.3,5919.0,35221502.245176315
2021-09-24,5920.0,6006.1,5747.0,5871.1,18397461.440746885
2021-09-25,5871.1,5910.0,5560.0,5855.0,23610239.794440307
2021-09-26,5855.0,5920.0,5671.0,5700.0,15856858.409044744
2021-09-27,5712.0,5796.9,5640.0,5699.7,12158581.771744018
2021-09-28,5699.7,5798.9,5640.0,5645.0,15102194.78539071
2021-09-29,5645.0,5798.0,5639.0,5756.2,13349738.013151482
2021-09-30,5756.3,6110.0,5728.1,6048.0,36064825.790841796
2021-10-01,6048.0,6269.0,5928.0,6175.0,34284290.26991512
2021-10-02,6175.0,6354.0,6050.0,6251.0,33435839.929443326
2021-10-03,6254.0,7000.0,6000.0,6838.0,78805789.65368752
2021-10-04,6839.0,8000.0,6500.0,7185.6,131796060.96213469
2021-10-05,7185.6,7550.0,6850.0,7065.0,106714078.12361483
2021-10-06,7074.0,7148.9,6750.0,6838.0,67600085.67594682
2021-10-07,6840.0,7120.0,6795.0,6950.1,42979679.94209786
2021-10-08,6950.1,6979.7,6700.0,6827.0,38005661.02389926
2021-10-09,6814.0,6910.0,6645.0,6735.0,28328367.20207119
2021-10-10,6740.0,6760.0,6200.0,6287.0,41651882.5254547
2021-10-11,6287.0,6439.0,5900.0,6093.0,41373867.16434551
2021-10-12,6097.0,6876.0,6020.0,6273.0,37897542.602954954
2021-10-13,6270.0,6630.0,6251.0,6282.0,39728413.072384775
2021-10-14,6282.0,6590.0,6145.0,6475.0,44895988.32139074
2021-10-15,6475.0,6580.0,6347.0,6378.0,43494080.03645084
2021-10-16,6379.0,6520.4,6280.0,6301.0,24417590.98035816
2021-10-17,6299.0,7980.0,6200.0,6916.0,137816655.8470568
2021-10-18,6915.0,6976.7,6610.3,6705.0,43145713.7689962
2021-10-19,6705.0,7100.0,6550.0,6870.1,57224045.90788052
2021-10-20,6870.1,7192.0,6600.0,6719.8,53703770.129763566
2021-10-21,6719.8,6990.0,6486.4,6850.0,52898862.05182663
2021-10-22,6850.0,6998.0,6700.0,6856.0,43362463.598745234
2021-10-23,6857.0,7400.0,6800.0,7214.0,103691049.00244619
2021-10-24,7205.2,7590.0,7115.0,7291.0,90117302.48740402
2021-10-25,7291.0,7450.0,7187.4,7309.1,48971151.08051594
2021-10-26,7325.0,7344.0,6150.0,6775.0,104596073.05490336
2021-10-27,6772.0,9170.0,6615.0,8401.0,336941718.44914097
2021-10-28,8420.0,8660.0,7600.0,8134.0,113665447.6635336
2021-10-29,8135.0,8180.0,7450.0,7602.0,68289226.91952218
2021-10-30,7601.5,7900.0,7000.0,7640.0,97843110.25270188
2021-10-31,7639.9,7880.0,7420.0,7482.0,70320521.48732454
2021-11-01,7476.0,7750.0,7409.0,7677.0,55214540.690583296
2021-11-02,7662.0,7700.0,7000.0,7535.0,65583593.705209926
2021-11-03,7540.0,7580.0,7200.0,7406.9,45840869.60186076
2021-11-04,7402.0,7600.0,7312.0,7344.0,34735730.27964026
2021-11-05,7342.0,7498.0,7160.0,7390.0,34296213.22130861
2021-11-06,7390.0,7590.0,7270.1,7420.0,38484454.157680035
2021-11-07,7415.0,8600.0,7350.0,7832.0,104811555.52482416
2021-11-08,7832.0,8105.0,7600.0,7786.0,64631614.694780365
2021-11-09,7785.0,7979.0,7500.0,7715.1,53673312.101395704
2021-11-10,7716.0,7850.0,7331.0,7594.0,57488374.43639566
2021-11-11,7600.0,7750.0,7370.0,7510.0,32459582.087583855
2021-11-12,7512.0,7596.0,7375.0,7537.0,24177000.259170767
2021-11-13,7536.2,7829.0,7515.0,7549.0,36855053.080926865
2021-11-14,7547.0,7646.4,7300.1,7410.0,25945440.103140578
2021-11-15,7405.0,7469.8,6400.0,6836.0,54635335.7643823
2021-11-16,6840.4,7009.0,6715.0,6856.3,27934535.04182871
2021-11-17,6891.0,7000.0,6110.0,6514.0,38362809.23687208
2021-11-18,6514.0,6892.0,6299.0,6700.0,36852129.206798986
2021-11-19,6695.0,6820.0,6435.0,6615.0,24288671.92237784
2021-11-20,6613.6,6761.0,6349.2,6570.0,15642292.959727174
2021-11-21,6577.0,6638.0,6300.0,6365.0,16177311.331929183
2021-11-22,6363.0,6873.0,6326.0,6573.0,39970248.47832939
2021-11-23,6573.0,6685.0,6330.0,6395.0,16550500.439811409
2021-11-24,6400.0,6650.0,6346.2,6550.0,24826414.043424074
2021-11-25,6553.0,6595.0,5635.0,6170.0,28583342.494949486
2021-11-26,6170.0,6325.0,6125.7,6141.0,14401360.14081172
2021-11-27,6150.0,6150.0,5801.0,5966.0,17246485.86624287
2021-11-28,5975.0,6625.0,5966.0,6302.0,43101850.97206348
2021-11-29,6310.0,6600.0,6202.0,6333.9,54008360.29320699
2021-11-30,6334.0,6380.0,6210.3,6210.3,21248465.12742603
2021-12-01,6210.3,6573.0,6050.0,6321.2,50360825.97061039
2021-12-02,6321.2,6415.0,5950.0,6032.0,32003245.03917547
2021-12-03,6038.0,6166.0,4715.0,5621.1,61602153.644780755
2021-12-04,5621.1,5750.0,5120.0,5250.0,31939039.280653134
2021-12-05,5250.0,5530.0,5100.0,5430.0,32751456.261102263
2021-12-06,5422.0,5658.0,5402.0,5490.0,30239635.1719232
2021-12-07,5471.0,5622.9,5370.0,5529.0,27365894.76156888
2021-12-08,5529.0,5600.0,5365.0,5387.0,26504585.296421915
2021-12-09,5387.0,5473.0,5250.0,5312.0,16379786.414921371
2021-12-10,5312.0,5350.0,5159.1,5180.0,14552253.105703222
2021-12-11,5184.6,5273.0,5140.0,5215.5,18825089.929123607
2021-12-12,5209.0,5252.0,4568.0,4702.0,32350514.13073227
2021-12-13,4698.5,6480.0,4652.0,5555.0,155304340.20214823
2021-12-14,5555.0,5800.0,5200.0,5550.0,54007382.81136746
2021-12-15,5550.0,5630.0,5300.0,5395.0,31918475.08968582
2021-12-16,5395.0,5402.0,5020.0,5178.0,23518562.079428513
2021-12-17,5172.0,5335.0,5132.0,5190.0,14071604.889382128
2021-12-18,5190.2,5279.0,5101.0,5137.8,10767197.039104464
2021-12-19,5136.9,5190.0,4901.2,5095.0,20555008.358389065
2021-12-20,5095.0,5180.0,5000.0,5090.0,19321008.89650197
2021-12-21,5080.0,5383.0,5067.1,5255.0,40208103.01561132
2021-12-22,5255.0,5530.0,5172.0,5416.0,40276991.6993664
2021-12-23,5420.0,5920.0,5391.0,5735.0,65096164.692835666
2021-12-24,5735.0,5850.0,5602.0,5690.0,31598667.873028386
2021-12-25,5690.0,5818.0,5560.0,5702.0,24531432.60636603
2021-12-26,5702.1,5810.0,5661.2,5702.2,24898185.480941
2021-12-27,5703.0,5730.0,5176.1,5300.0,32007111.765822545
2021-12-28,5296.0,5349.0,5045.0,5194.0,19767109.493101187
2021-12-29,5193.5,5350.0,5060.0,5252.0,18149954.214208208
2021-12-30,5257.0,5320.0,5070.0,5129.0,16419652.86791393
2021-12-31,5131.0,5240.0,5111.0,5180.0,9082228.297691103
2022-01-01,5180.0,5248.0,5139.0,5177.0,11574681.834476044
2022-01-02,5180.0,5200.0,4965.0,4965.0,16580837.359794563
2022-01-03,4976.3,5098.0,4931.5,4965.0,13001680.459971515
2022-01-04,4965.0,5010.0,4621.0,4716.1,15446057.03120635
2022-01-05,4716.1,4842.0,4461.0,4783.0,24961456.138354167
2022-01-06,4775.0,4791.8,4465.8,4500.0,17179836.125446364
2022-01-07,4499.0,4640.0,4200.0,4248.0,16900722.62249448
2022-01-08,4243.0,4450.0,4206.0,4300.0,15112368.065210672
2022-01-09,4300.0,4302.0,3960.0,4050.0,19634184.212527167
2022-01-10,4037.5,4700.0,4030.0,4319.0,47723364.32663858
2022-01-11,4317.0,4615.0,4308.0,4486.0,36579892.67645248
2022-01-12,4490.0,4965.1,4484.9,4760.0,64228962.38398791
2022-01-13,4758.0,5796.0,4688.0,5340.0,139127000.4061113
2022-01-14,5338.0,5480.0,5130.0,5269.0,36150184.800825916
2022-01-15,5269.0,5272.0,4825.0,4880.0,36096537.57285363
2022-01-16,4882.0,4981.5,4581.0,4820.0,34003120.7313678
2022-01-17,4820.0,4820.0,4520.0,4576.0,26360394.923196565
2022-01-18,4583.0,4730.0,4510.0,4569.0,22000265.067143463
2022-01-19,4563.1,4750.0,4538.0,4622.0,17625542.64028082
2022-01-20,4621.3,4636.0,4204.0,4220.0,33305963.40520227
2022-01-21,4213.0,4320.0,3408.0,3774.0,59155909.45057081
2022-01-22,3779.0,4180.0,3740.0,3937.9,45974463.835603386
2022-01-23,3937.9,4106.0,3670.0,3890.0,37044044.93686134
2022-01-24,3886.0,4199.0,3811.0,4047.0,50953452.35092674
2022-01-25,4047.0,4350.0,3999.0,4206.0,59902577.72332709
2022-01-26,4206.0,4221.0,4000.1,4015.0,25698460.23624365
2022-01-27,4020.0,4095.0,3951.0,4024.0,17681113.593157176
2022-01-28,4024.0,4099.9,4012.2,4038.0,18928346.1833224
2022-01-29,4040.0,4067.0,3916.4,3959.1,16882432.452943534
2022-01-30,3959.0,4013.0,3850.0,3952.0,16743303.51778314
2022-01-31,3952.0,4030.0,3950.1,3967.0,13319068.78973164
2022-02-01,3961.2,4057.0,3851.0,3903.1,19480398.256765887
2022-02-02,3916.0,3919.0,3754.0,3775.1,12764758.97484107
2022-02-03,3783.0,3959.0,3767.1,3923.0,22942638.191233985
2022-02-04,3923.0,4039.0,3860.0,3864.0,29002899.981123064
2022-02-05,3864.0,4040.0,3861.9,4020.0,26419222.6138014
2022-02-06,4020.0,4543.0,3968.0,4501.0,107087121.93874636
2022-02-07,4501.0,4522.0,4023.0,4164.0,63045525.79428855
2022-02-08,4170.0,4298.0,4115.2,4236.0,33364254.104757603
2022-02-09,4235.0,4259.0,4001.0,4089.0,33841280.196155556
2022-02-10,4089.0,4130.0,3891.0,3910.0,21023749.156529825
2022-02-11,3925.0,3987.0,3751.0,3888.0,26171692.390808914
2022-02-12,3893.5,4240.0,3813.0,4134.0,53801468.56986724
2022-02-13,4134.0,4166.0,3902.0,3929.0,33224216.288634453
2022-02-14,3930.0,4070.0,3927.0,3992.0,30921439.422406934
2022-02-15,3991.0,4037.0,3917.0,3992.0,16500584.517980274
2022-02-16,3994.0,4001.0,3728.4,3737.4,24098051.924422305
2022-02-17,3737.4,3829.9,3625.0,3677.0,17140174.240786143
2022-02-18,3677.0,3849.0,3648.0,3673.0,22162304.756802
2022-02-19,3673.0,3699.0,3501.0,3550.0,16718074.285925595
2022-02-20,3550.1,3690.0,3510.0,3533.0,20482210.728726283
2022-02-21,3531.0,3560.0,3305.0,3430.0,20974065.523231193
2022-02-22,3430.0,3545.0,3356.0,3380.0,22210741.755188555
2022-02-23,3379.9,3399.0,2820.0,3248.0,51095447.99187119
2022-02-24,3248.0,3357.4,3155.0,3280.0,29328945.49910395
2022-02-25,3273.8,3447.7,3267.2,3357.0,19391375.459438276
2022-02-26,3356.9,3398.0,3235.0,3275.0,18091219.970077388
2022-02-27,3268.0,3400.0,3240.0,3388.0,17273093.213172965
2022-02-28,3386.0,3598.0,3370.0,3478.1,29900424.116525665
2022-03-01,3478.1,3560.0,3421.3,3475.0,19048379.234905552
2022-03-02,3472.4,3519.8,3360.0,3382.0,13672450.961413685
2022-03-03,3405.0,3416.9,3201.0,3220.0,12571434.958171932
2022-03-04,3230.0,3264.0,3181.0,3256.0,12508359.796771875
2022-03-05,3255.0,3260.0,3105.0,3118.0,11584078.608123498
2022-03-06,3119.0,3195.0,3000.0,3054.0,16130127.382503282
2022-03-07,3048.0,3150.0,3017.0,3047.0,13260985.74780818
2022-03-08,3040.1,3200.0,3032.9,3124.0,18565226.667650115
2022-03-09,3125.0,3135.0,3000.0,3032.0,13032972.313291848
2022-03-10,3032.0,3083.0,3001.0,3022.0,9133070.504437726
2022-03-11,3022.0,3065.0,3010.0,3034.0,7926137.78396353
2022-03-12,3034.0,3035.9,2972.0,2989.0,10727933.483912898
2022-03-13,2990.0,3148.0,2910.0,2962.5,18015655.80036687
2022-03-14,2962.5,3002.0,2922.0,2942.6,10655273.014527055
2022-03-15,2942.5,2998.0,2926.0,2975.0,15555534.178660545
2022-03-16,2972.1,3038.0,2965.0,2989.5,13437078.38403813
2022-03-17,2996.0,3066.0,2975.1,3045.0,11965722.273488063
2022-03-18,3041.0,3192.0,3024.0,3136.0,23107688.77154009
2022-03-19,3137.0,3179.9,3045.0,3096.0,11385305.684392547
2022-03-20,3095.0,3150.0,3070.1,3106.0,10718061.8385047
2022-03-21,3106.0,3245.0,3103.3,3194.0,18558230.995363962
2022-03-22,3193.9,3390.0,3151.0,3328.0,25904581.165568713
2022-03-23,3328.8,3645.0,3300.0,3559.0,53447611.278619416
2022-03-24,3566.0,3567.0,3310.0,3395.0,29106508.21098483
2022-03-25,3396.2,3560.0,3375.0,3514.0,17485497.713403463
2022-03-26,3514.0,3725.8,3487.0,3661.7,44958608.78376218
2022-03-27,3661.7,3993.0,3626.0,3956.0,51434022.11223872
2022-03-28,3955.9,3963.0,3715.0,3910.0,39840593.88356322
2022-03-29,3910.0,3912.9,3750.0,3810.0,25216432.951009747
2022-03-30,3816.1,3941.0,3787.0,3811.0,30790042.112371404
2022-03-31,3812.0,3850.0,3660.2,3834.0,20324189.298451554
2022-04-01,3833.0,3920.0,3790.0,3833.0,17864298.49401915
2022-04-02,3834.0,4020.0,3761.2,3930.0,32223890.11326187
2022-04-03,3934.0,4199.0,3860.0,3961.9,56382202.870873556
2022-04-04,3955.0,4820.0,3950.0,4500.1,140843423.83869046
2022-04-05,4500.0,4700.0,3955.0,4058.0,89607051.7841358
2022-04-06,4050.1,4140.0,3910.0,4021.0,41185675.2415995
2022-04-07,4023.0,4283.0,3997.0,4065.0,55514818.52390209
2022-04-08,4065.0,4068.0,3920.0,3991.6,24472770.348382585
2022-04-09,3998.0,4374.0,3980.0,4312.1,76053514.06452811
2022-04-10,4315.0,4348.0,3935.0,3959.0,55093973.79033764
2022-04-11,3955.0,4075.0,3720.1,3725.0,68870266.09239198
2022-04-12,3725.0,3980.0,3722.0,3905.9,44268531.44133519
2022-04-13,3905.9,4050.0,3825.3,3928.0,63543543.09440974
2022-04-14,3924.0,4140.0,3912.0,4024.0,49256789.1653348
2022-04-15,4023.0,4080.4,3950.0,3975.0,21366530.93051757
2022-04-16,3975.0,4040.0,3951.0,3962.0,19265943.16500253
2022-04-17,3959.0,4032.0,3755.0,3863.0,30347495.929409955
2022-04-18,3866.0,3987.0,3842.9,3947.9,20369188.275392246
2022-04-19,3940.1,4036.0,3874.0,3900.0,30738510.46068858
2022-04-20,3900.0,3968.0,3877.3,3889.8,24667509.993281674
2022-04-21,3890.8,3908.9,3801.0,3835.8,14958172.141097415
2022-04-22,3842.7,3859.4,3794.0,3802.0,9761460.765276698
2022-04-23,3802.0,3825.0,3686.1,3719.9,14263859.973373039
2022-04-24,3715.3,4600.0,3461.5,4370.0,149223549.47181177
2022-04-25,4380.1,4580.0,3970.0,3981.0,190135978.4691306
2022-04-26,3978.0,4163.0,3871.1,3965.0,62730505.55270056
2022-04-27,3965.0,4048.9,3831.2,3923.0,31723321.73951833
2022-04-28,3922.0,4123.0,3853.0,3860.1,57355711.897684164
2022-04-29,3860.1,3910.0,3760.0,3783.5,22029111.85353582
2022-04-30,3783.9,3929.0,3635.0,3749.9,27891958.322360434
2022-05-01,3749.0,3840.0,3687.0,3771.0,19672515.29662978
2022-05-02,3772.0,3799.9,3690.0,3694.0,12914006.06453458
2022-05-03,3693.0,3819.0,3675.2,3785.0,23602640.12406272
2022-05-04,3788.0,3890.0,3650.1,3665.0,44761285.36660039
2022-05-05,3661.1,3767.0,3607.0,3634.1,23194378.717049163
2022-05-06,3639.0,3824.9,3639.0,3720.0,29106143.299646325
2022-05-07,3717.0,3737.0,3571.0,3638.0,25835938.89737869
2022-05-08,3639.0,3644.0,3109.0,3170.0,32781899.70174439
2022-05-09,3182.0,3534.0,3000.0,3340.0,47707767.32286349
2022-05-10,3336.0,3380.0,2500.0,2683.0,79191227.04186818
2022-05-11,2694.9,2829.9,2222.0,2609.0,88312229.1613093
2022-05-12,2600.0,2990.0,2540.0,2777.9,72727431.29896158
2022-05-13,2776.0,2829.9,2579.0,2685.1,30069167.224592697
2022-05-14,2694.0,2815.0,2680.0,2783.9,25452096.804960035
2022-05-15,2783.9,2874.9,2680.0,2721.0,26451784.026246157
2022-05-16,2720.0,2790.0,2693.0,2753.0,17400388.6308524
2022-05-17,2753.0,2770.0,2580.1,2623.0,19018813.073225547
2022-05-18,2632.0,2680.0,2512.0,2622.0,20417928.159585487
2022-05-19,2622.0,2673.0,2531.0,2564.6,17722684.087584753
2022-05-20,2564.6,2604.9,2527.4,2573.0,16221432.981009353
2022-05-21,2573.0,2630.0,2550.0,2576.1,18617068.122703962
2022-05-22,2576.1,2650.0,2551.0,2568.5,31433203.991059862
2022-05-23,2566.0,2599.0,2460.1,2534.8,19383821.195529196
2022-05-24,2538.0,2585.0,2520.0,2543.0,11857733.251700168
2022-05-25,2543.0,2560.0,2309.0,2430.0,25729998.544081233
2022-05-26,2432.0,2649.0,2380.2,2492.0,41576392.57028927
2022-05-27,2495.0,2585.0,2492.0,2520.5,22845594.87771177
2022-05-28,2520.5,2557.0,2475.3,2521.0,15416049.881897954
2022-05-29,2520.5,2635.0,2519.8,2627.9,27159384.840817332
2022-05-30,2628.0,2715.7,2601.0,2676.0,37033998.48044349
2022-05-31,2676.0,2789.0,2603.9,2614.0,35573190.854556166
2022-06-01,2615.9,2639.8,2540.0,2619.1,16417790.012560697
2022-06-02,2619.1,2669.0,2572.0,2586.3,11907955.508604903
2022-06-03,2587.2,2659.7,2580.0,2617.1,12654071.63578473
2022-06-04,2615.0,2639.0,2601.0,2614.5,7131939.978692537
2022-06-05,2614.5,2651.8,2593.0,2598.0,16638426.305364743
2022-06-06,2597.0,2620.0,2475.3,2572.2,12690259.05707284
2022-06-07,2573.0,2595.8,2521.0,2537.7,8753398.911645966
2022-06-08,2537.8,2589.9,2526.4,2557.2,7388344.58531877
2022-06-09,2557.2,2578.3,2435.1,2458.1,13819463.193606745
2022-06-10,2464.0,2495.0,2250.0,2340.1,20098409.995179255
2022-06-11,2340.1,2349.7,2140.0,2210.2,23746209.731491346
2022-06-12,2210.0,2250.0,1751.0,1860.5,50101926.32796313
2022-06-13,1858.0,1949.8,1686.0,1795.2,42009036.22890045
2022-06-14,1794.1,1886.0,1670.1,1869.1,36842400.275838144
2022-06-15,1883.0,1998.0,1765.0,1848.6,41404254.157441705
2022-06-16,1850.0,1898.0,1790.0,1848.0,16030437.449752608
2022-06-17,1848.0,1876.0,1670.0,1672.0,31275633.305943944
2022-06-18,1670.0,1930.0,1620.0,1927.0,67142133.44465518
2022-06-19,1928.8,2000.0,1851.1,1880.0,47121277.48616784
2022-06-20,1885.0,2230.0,1876.0,2159.0,84054840.24723479
2022-06-21,2157.1,2187.0,1985.0,2014.0,52519195.359803304
2022-06-22,2014.0,2115.0,1990.0,2070.0,29864932.091084104
2022-06-23,2065.0,2175.0,2058.8,2130.1,34876327.7461888
2022-06-24,2137.9,2210.0,2100.0,2156.0,40517550.127649315
2022-06-25,2160.0,2389.0,2142.1,2319.0,82940072.57579547
2022-06-26,2318.9,2480.0,2155.0,2228.8,82729663.64802349
2022-06-27,2226.0,2271.0,2080.1,2104.0,35836948.1439734
2022-06-28,2100.0,2238.9,2000.1,2197.0,45306347.3991763
2022-06-29,2197.0,2270.0,2040.0,2089.0,48729541.54283077
2022-06-30,2093.0,2188.0,2051.0,2135.2,32684836.82020897
2022-07-01,2135.8,2210.0,2123.0,2168.0,27111109.919820152
2022-07-02,2170.0,2185.0,2111.4,2134.9,16444881.80765109
2022-07-03,2132.5,2195.0,2107.0,2153.0,25395104.252767935
2022-07-04,2152.0,2194.8,2117.0,2158.0,26968454.124393314
2022-07-05,2162.0,2179.9,2121.0,2162.0,25113550.97554718
2022-07-06,2167.0,2234.0,2151.1,2220.0,29674661.549955957
2022-07-07,2227.0,2277.0,2174.0,2214.1,37522648.92097907
2022-07-08,2211.0,2229.9,2180.2,2204.4,26373138.34212689
2022-07-09,2208.0,2219.8,2131.0,2150.9,21903295.342808355
2022-07-10,2153.9,2186.5,2060.2,2077.9,22053856.017675865
2022-07-11,2080.0,2105.0,1963.9,1967.1,21510237.074373387
2022-07-12,1967.1,2020.0,1902.0,1950.0,22378891.53562043
2022-07-13,1950.0,2024.9,1944.0,2008.0,21465844.42891426
2022-07-14,2009.7,2083.0,1990.0,2027.2,29061341.108787943
2022-07-15,2027.2,2060.0,1986.0,2052.0,22901546.28281723
2022-07-16,2052.0,2098.0,2030.0,2055.0,23045357.796627797
2022-07-17,2056.0,2196.0,2041.0,2116.9,49827218.80068851
2022-07-18,2115.0,2255.0,2097.0,2244.0,43388856.16057761
2022-07-19,2240.0,2458.0,2178.1,2298.0,91921274.45310576
2022-07-20,2300.0,2349.0,2155.0,2249.9,48607198.76637455
2022-07-21,2250.0,2315.0,2204.0,2245.0,35731147.32775963
2022-07-22,2245.0,2247.0,2161.0,2168.0,24684331.663695615
2022-07-23,2168.0,2233.6,2168.0,2212.8,16749294.741344294
2022-07-24,2212.9,2227.9,2078.0,2079.3,22170044.36504713
2022-07-25,2079.3,2119.8,1965.6,1976.0,18572534.739286445
2022-07-26,1976.0,2139.4,1975.3,2127.0,25208481.91169999
2022-07-27,2127.0,2238.0,2100.0,2227.0,39048588.82591418
2022-07-28,2227.0,2310.0,2140.0,2200.0,52441084.765666455
2022-07-29,2200.0,2350.0,2185.4,2282.0,47960227.129289806
2022-07-30,2282.0,2297.0,2209.0,2269.0,30452776.874073762
2022-07-31,2268.9,2279.9,2167.0,2185.0,26983182.776080668
2022-08-01,2185.0,2215.0,2121.0,2155.0,24519551.484806005
2022-08-02,2158.0,2184.0,2105.1,2153.0,14579522.60010419
2022-08-03,2153.0,2164.0,2102.0,2117.0,13562256.274278047
2022-08-04,2117.0,2208.0,2114.0,2173.0,24539316.333975717
2022-08-05,2177.0,2226.0,2170.0,2190.0,20128158.36112221
2022-08-06,2190.9,2201.0,2151.0,2187.3,10488315.98269897
2022-08-07,2187.3,2254.6,2176.2,2209.2,28219484.526429042
2022-08-08,2209.2,2327.0,2180.0,2187.0,51200777.27949072
2022-08-09,2187.0,2230.0,2151.0,2182.0,30613971.71607545
2022-08-10,2185.0,2296.7,2179.3,2220.3,35050996.109002195
2022-08-11,2220.4,2238.0,2187.0,2217.0,16150106.68976718
2022-08-12,2217.0,2280.0,2208.0,2226.1,30915527.12189563
2022-08-13,2226.2,2555.0,2220.0,2421.0,107690681.4824513
2022-08-14,2421.0,2480.0,2280.0,2351.6,47122230.214045316
2022-08-15,2351.6,2718.0,2300.0,2585.2,128862224.92753355
2022-08-16,2585.2,2679.0,2431.0,2477.1,55702489.950177036
2022-08-17,2477.1,2497.0,2330.0,2360.0,20059310.601450816
2022-08-18,2360.0,2373.0,2051.0,2125.0,41394645.19141448
2022-08-19,2130.0,2136.0,1930.0,1945.6,26595940.299940284
2022-08-20,1945.6,2080.0,1925.0,2046.0,26137242.24766429
2022-08-21,2047.0,2080.0,1950.2,1975.5,22992997.24514882
2022-08-22,1975.0,2040.0,1974.0,2008.7,14866250.614740388
2022-08-23,2007.1,2045.0,1982.0,2035.8,17937021.49402884
2022-08-24,2035.8,2158.0,2015.0,2062.8,35382172.88425567
2022-08-25,2062.7,2090.0,1970.0,1987.0,26350939.70947105
2022-08-26,1988.0,2014.8,1901.0,1920.0,16396400.922933144
2022-08-27,1920.0,1955.0,1902.0,1938.9,9943649.285113476
2022-08-28,1938.0,1938.0,1856.1,1897.2,15484896.465871844
2022-08-29,1897.2,1950.0,1825.0,1877.6,20644714.167637832
2022-08-30,1875.0,1909.0,1850.0,1867.0,16145600.63222442
2022-08-31,1868.0,1882.0,1820.0,1865.6,16766689.057165917
2022-09-01,1866.0,1892.5,1850.0,1860.0,14982324.112242408
2022-09-02,1859.0,1927.0,1851.0,1887.8,22070267.044348445
2022-09-03,1883.0,1934.7,1875.0,1924.0,19100912.813391168
2022-09-04,1923.0,1925.0,1861.1,1880.2,13852509.780377511
2022-09-05,1881.0,1949.0,1816.0,1818.8,25437872.9923136
2022-09-06,1818.8,1868.4,1781.0,1857.3,16564241.904033607
2022-09-07,1857.3,1879.7,1832.1,1849.4,11131331.159215868
2022-09-08,1848.9,1948.0,1845.1,1905.0,33214884.01676715
2022-09-09,1905.0,1960.0,1902.2,1944.0,22380407.621554032
2022-09-10,1943.0,1979.0,1925.3,1958.0,16994677.608396646
2022-09-11,1955.0,2045.0,1940.0,2008.0,28135523.77013149
2022-09-12,2007.0,2025.2,1915.5,1933.2,27374961.769949917
2022-09-13,1930.0,1968.0,1919.0,1942.7,12682395.403836152
2022-09-14,1945.0,1970.0,1920.0,1932.4,12855789.729748648
2022-09-15,1931.6,1967.0,1917.0,1950.0,10705712.468516676
2022-09-16,1946.0,2026.0,1946.0,1997.0,16601437.35540319
2022-09-17,1997.0,2019.0,1940.0,1953.4,10716575.057376467
2022-09-18,1950.0,1955.8,1825.2,1887.7,16944952.377153937
2022-09-19,1888.7,1955.0,1862.0,1906.9,9909483.14704053
2022-09-20,1906.9,1940.0,1865.0,1884.0,10339104.995882554
2022-09-21,1903.0,1911.9,1830.0,1897.0,9050369.681370592
2022-09-22,1897.0,2070.0,1897.0,2039.7,24399310.206030495
2022-09-23,2039.7,2170.0,2000.0,2052.0,26079305.765658014
2022-09-24,2049.9,2073.9,1981.0,1986.0,8005771.422213692
2022-09-25,1986.0,2006.7,1940.0,1977.8,6600689.707894546
2022-09-26,1973.0,2019.8,1935.0,1950.0,9190781.765819915
2022-09-27,1950.8,1964.9,1903.0,1962.3,5676310.609249542
2022-09-28,1962.3,1978.9,1933.0,1959.8,4323802.564266331
2022-09-29,1956.0,1990.0,1950.0,1965.4,6434491.809843869
2022-09-30,1960.0,2038.0,1956.9,2010.0,14531682.201253701
2022-10-01,2011.0,2021.4,1980.0,1996.0,6037454.352941667
2022-10-02,2000.0,2020.0,1972.0,2004.0,7277852.062554612
2022-10-03,2004.0,2170.0,2002.6,2148.9,26379778.355453875
2022-10-04,2148.9,2196.9,2076.9,2135.0,24494038.297750495
2022-10-05,2135.0,2182.0,2110.0,2115.9,9648402.522166988
2022-10-06,2115.9,2129.0,2050.0,2069.0,12209921.939428303
2022-10-07,2069.0,2078.8,2050.0,2051.0,4255161.323567496
2022-10-08,2051.0,2059.9,2030.0,2042.2,4785560.516392583
2022-10-09,2046.0,2055.0,1990.0,2000.0,9314377.747458827
2022-10-10,2001.0,2024.0,1935.0,1999.0,8844354.208435452
2022-10-11,2000.0,2020.0,1970.0,1988.0,4678095.126780821
2022-10-12,1988.0,2000.0,1870.1,1986.5,13103407.15082142
2022-10-13,1988.8,2028.0,1945.0,1950.0,8245093.168550692
2022-10-14,1950.0,1986.0,1935.0,1966.0,4833582.171749025
2022-10-15,1966.7,1980.0,1950.0,1971.0,4227215.113233988
2022-10-16,1971.0,1998.0,1955.0,1977.0,6154345.122280063
2022-10-17,1976.2,2020.0,1951.3,1970.0,8070390.655166098
2022-10-18,1963.0,2014.0,1958.5,1985.3,8823765.304010013
2022-10-19,1985.6,2010.0,1952.0,1989.0,10272258.075857725
2022-10-20,1988.0,2000.0,1923.6,1974.9,9605682.81864658
2022-10-21,1966.0,1986.0,1959.1,1966.0,3518129.789318823
2022-10-22,1970.0,1985.0,1956.1,1978.9,3908576.799533044
2022-10-23,1978.9,1999.5,1954.2,1966.0,6337202.2543435255
2022-10-24,1969.8,2096.0,1964.0,2040.3,22400701.43845057
2022-10-25,2041.0,2420.0,2039.1,2364.0,60629767.316871665
2022-10-26,2364.0,2840.0,2349.8,2615.0,124040841.78102958
2022-10-27,2610.0,2894.0,2390.1,2808.9,136713320.77117458
2022-10-28,2807.9,4974.9,2717.8,4138.3,329562128.2009124
2022-10-29,4138.3,4839.9,3601.0,3850.0,235453790.71848065
2022-10-30,3840.0,4380.0,3770.0,4113.0,150395525.72658238
2022-10-31,4110.0,5291.0,4105.0,4730.0,227078032.19865298
2022-11-01,4726.0,4999.0,4403.0,4414.8,118782539.7755631
2022-11-02,4412.0,4795.0,4370.1,4579.9,65023937.02466366
2022-11-03,4577.9,4600.0,4150.0,4400.0,112303321.1228876
2022-11-04,4400.0,4720.0,4365.4,4567.0,72408718.57400745
2022-11-05,4563.1,4588.0,4308.0,4316.0,44786182.175058015
2022-11-06,4328.0,4351.0,4098.9,4275.2,42166094.305591375
2022-11-07,4275.2,4283.0,2951.1,3261.9,130669516.17433499
2022-11-08,3254.0,3372.0,2901.0,3069.0,108665651.35943171
2022-11-09,3069.0,3360.0,2700.0,3250.0,105727826.3939201
2022-11-10,3250.0,3352.0,2975.0,2990.0,55465169.273945786
2022-11-11,2990.0,3375.0,2903.0,3254.2,89680204.09052801
2022-11-12,3257.0,3300.0,3060.0,3119.0,31064588.303518467
2022-11-13,3120.9,3276.0,2927.0,3089.0,47986653.07886068
2022-11-14,3090.0,3202.0,3072.5,3117.0,23606014.857192423
2022-11-15,3121.0,3278.4,3050.0,3072.0,34227203.369866714
2022-11-16,3072.0,3148.0,2990.0,3033.0,12310334.887821684
2022-11-17,3028.0,3099.0,3000.0,3001.3,10761760.5471893
2022-11-18,3002.0,3034.0,2980.0,3003.2,9120741.52324056
2022-11-19,3003.1,3057.0,2841.0,2841.0,18748252.934189714
2022-11-20,2849.0,2860.0,2563.0,2648.7,26390780.035656877
2022-11-21,2649.9,2849.0,2624.6,2816.9,26708560.346746854
2022-11-22,2816.6,2980.0,2785.0,2890.0,28300134.04799223
2022-11-23,2892.0,2966.3,2881.2,2910.0,15294933.635477189
2022-11-24,2910.0,3250.0,2894.0,3190.0,58574821.93464161
2022-11-25,3190.0,3375.0,3141.1,3232.1,46574670.163154796
2022-11-26,3233.0,3860.0,3165.0,3763.0,109012961.97076397
2022-11-27,3762.3,3800.0,3305.0,3488.0,71472330.86598606
2022-11-28,3485.0,3820.0,3426.0,3720.0,57111696.451671176
2022-11-29,3720.0,3889.9,3660.0,3802.1,51841053.13567139
2022-11-30,3800.2,3950.0,3688.2,3744.6,42598117.28548076
2022-12-01,3747.6,3780.0,3560.1,3625.0,31226931.655912023
2022-12-02,3625.0,3745.0,3605.0,3675.6,27330334.384039678
2022-12-03,3680.0,3833.0,3620.0,3800.0,35076956.26762603
2022-12-04,3793.5,3995.9,3675.2,3730.0,54682834.5551693
2022-12-05,3729.8,3774.8,3611.0,3645.0,23445915.019415103
2022-12-06,3638.0,3748.0,3466.0,3507.0,27825442.173708946
2022-12-07,3505.0,3640.0,3500.0,3605.2,18786176.001886312
2022-12-08,3605.1,3638.0,3531.8,3556.0,16055074.886390105
2022-12-09,3557.0,3614.0,3530.0,3580.2,10786912.206279624
2022-12-10,3580.2,3615.0,3555.0,3558.0,11596334.387968376
2022-12-11,3558.0,3578.8,3311.0,3405.0,36913391.167564176
2022-12-12,3409.9,3598.0,3400.0,3500.0,37584028.36371883
2022-12-13,3492.4,3550.0,3401.0,3436.0,29904555.25278204
2022-12-14,3436.0,3446.8,3320.1,3352.2,24657141.752817977
2022-12-15,3352.5,3399.9,3137.0,3220.0,30169543.911478095
2022-12-16,3223.9,3224.9,3001.0,3123.0,21705156.538614217
2022-12-17,3123.0,3240.0,3082.0,3155.0,23942632.783694956
2022-12-18,3153.6,3174.9,2900.0,2933.0,28162403.28364336
2022-12-19,2933.0,3035.0,2850.0,2955.0,23652026.134268418
2022-12-20,2951.0,2974.0,2851.3,2903.0,14988779.99561117
2022-12-21,2903.1,3099.0,2902.0,3069.0,34739161.11646888
2022-12-22,3068.0,3172.0,3063.0,3090.3,30359145.814797353
2022-12-23,3091.1,3155.0,3057.0,3134.0,18431922.863076866
2022-12-24,3134.0,3150.0,3062.0,3100.0,27310970.047142968
2022-12-25,3101.0,3166.0,3096.0,3145.5,24196574.383185588
2022-12-26,3146.0,3170.0,3110.1,3131.0,20965182.227786977
2022-12-27,3131.0,3164.4,3010.3,3120.0,35262185.85607067
2022-12-28,3120.0,3144.0,2905.0,2921.0,29392575.87297429
2022-12-29,2916.0,2978.0,2800.0,2824.7,29963938.47155758
2022-12-30,2819.0,2899.0,2745.0,2784.0,23024582.066680398
2022-12-31,2783.2,2884.1,2746.0,2873.0,20881086.228888113
2023-01-01,2864.1,2959.9,2835.6,2922.9,24008832.038623206
2023-01-02,2922.1,2950.0,2843.6,2852.0,19833023.072316166
2023-01-03,2852.0,2935.0,2845.0,2903.0,20819444.840164058
2023-01-04,2903.1,2956.0,2890.0,2917.2,23258644.50240941
2023-01-05,2926.0,2934.4,2865.9,2911.0,17548878.107196856
2023-01-06,2918.8,2960.0,2902.0,2940.0,19579500.11265831
2023-01-07,2940.1,2975.0,2927.0,2947.1,18321203.910055157
2023-01-08,2955.9,3213.0,2946.0,3096.0,67745716.54723786
2023-01-09,3096.0,3160.9,3033.0,3148.0,34643640.445153125
2023-01-10,3148.9,3188.0,3077.0,3159.0,26007051.83064771
2023-01-11,3159.0,3290.0,3140.2,3288.0,45457833.99821286
2023-01-12,3288.0,3319.7,3233.0,3287.2,31253648.14189055
2023-01-13,3288.0,3753.0,3280.0,3518.8,80843531.87998205
2023-01-14,3512.0,3577.8,3364.0,3482.0,32289334.21540726
2023-01-15,3482.0,3595.0,3400.0,3512.0,29533768.690806277
2023-01-16,3510.1,3531.9,3434.0,3512.1,20925788.937839635
2023-01-17,3512.1,3785.0,3480.0,3556.0,77731539.02771887
2023-01-18,3555.1,3622.0,3506.0,3612.0,20955471.987170953
2023-01-19,3612.0,3657.0,3547.0,3639.9,20605965.449035984
2023-01-20,3640.0,3938.0,3639.9,3885.1,67279678.27868463
2023-01-21,3883.0,4203.0,3734.0,3975.2,77712988.2293905
2023-01-22,3975.1,4098.0,3850.0,3953.0,48511088.98845005
2023-01-23,3954.0,4069.8,3706.0,3815.1,34216297.54577897
2023-01-24,3818.1,3864.0,3557.0,3795.0,27367080.274636604
2023-01-25,3795.0,3900.0,3783.0,3850.0,23228800.34935716
2023-01-26,3850.0,3890.0,3743.5,3882.0,15168993.819960738
2023-01-27,3882.0,4070.0,3851.3,3885.1,37237685.7467355
2023-01-28,3883.0,4050.0,3855.0,4010.1,27184195.311964937
2023-01-29,4011.0,4070.0,3850.0,3909.0,41613315.24702959
2023-01-30,3910.0,4335.0,3882.2,4312.0,96340544.25032656
2023-01-31,4312.0,4320.0,4006.5,4175.0,42123001.154580295
2023-02-01,4179.0,4249.0,4128.0,4150.1,48721874.23421256
2023-02-02,4152.0,4195.0,4085.0,4140.0,26003268.358821884
2023-02-03,4133.0,4459.0,4130.3,4380.5,77695606.62696667
2023-02-04,4384.0,4399.8,4100.0,4152.4,46109812.84881571
2023-02-05,4152.4,4194.0,4100.0,4157.0,20573738.122217238
2023-02-06,4157.0,4169.8,4050.0,4128.0,20670846.894578155
2023-02-07,4128.0,4170.0,4039.1,4060.0,19734418.665536996
2023-02-08,4060.0,4106.0,3761.0,3801.0,23126190.312121905
2023-02-09,3800.0,3868.0,3711.0,3836.1,17846252.191299953
2023-02-10,3836.0,3847.0,3720.0,3780.0,11139201.94792167
2023-02-11,3780.0,3976.0,3780.0,3946.0,23880432.35930633
2023-02-12,3947.0,4080.0,3755.0,3825.0,26949327.725122567
2023-02-13,3825.0,3933.0,3800.0,3892.4,17672344.881880533
2023-02-14,3891.9,4133.8,3870.0,4127.0,37140529.21145556
2023-02-15,4127.0,4296.0,4060.0,4120.4,48825564.39036635
2023-02-16,4120.4,4245.7,4020.0,4240.8,28673461.646823183
2023-02-17,4243.0,4349.0,4160.0,4209.9,30402370.14420971
2023-02-18,4208.1,4400.0,4208.0,4284.0,31022360.16973772
2023-02-19,4284.0,4434.9,4272.0,4353.5,24638645.828922488
2023-02-20,4353.5,4405.0,4290.0,4319.0,18407946.697026867
2023-02-21,4319.0,4545.0,4250.0,4422.0,37210246.793813676
2023-02-22,4421.0,4540.0,4417.0,4538.0,21513957.635314487
2023-02-23,4537.0,4630.0,4400.0,4510.0,27691544.235667724
2023-02-24,4514.0,4732.0,4470.1,4637.1,28470711.1064459
2023-02-25,4637.5,4928.0,4400.0,4698.0,41710213.84283412
2023-02-26,4696.0,4735.0,4578.6,4670.0,18601917.819563717
2023-02-27,4670.0,4800.0,4651.5,4667.6,20270624.747048788
2023-02-28,4667.0,4720.0,4415.2,4447.7,17560518.08278034
2023-03-01,4447.5,4549.8,4300.0,4486.0,14446747.440470945
2023-03-02,4486.0,4510.0,4175.0,4301.1,14759823.172772799
2023-03-03,4301.1,4327.8,4040.0,4074.8,13065068.633990517
2023-03-04,4074.8,4177.0,3800.0,3890.0,18151521.429463115
2023-03-05,3890.8,3945.0,3721.1,3742.0,13468474.632955976
2023-03-06,3742.0,3920.0,3681.0,3829.1,14923331.757648496
2023-03-07,3825.0,3877.0,3685.0,3699.8,11081680.133726392
2023-03-08,3699.8,3745.0,3420.0,3450.0,11807613.108710088
2023-03-09,3466.0,3520.0,3081.0,3149.0,24781623.943597756
2023-03-10,3150.5,3250.0,2852.0,2937.0,16265858.748515455
2023-03-11,2938.0,3189.0,2931.0,3127.9,20602121.624317996
2023-03-12,3134.9,3600.0,3124.0,3410.0,31831318.19746723
2023-03-13,3410.0,3787.0,3402.0,3603.0,29016937.65384766
2023-03-14,3610.0,3757.0,3280.1,3370.0,25002996.712158244
2023-03-15,3370.0,3499.0,3362.0,3456.0,10647248.86954787
2023-03-16,3455.2,3698.9,3405.1,3630.0,20091518.811828446
2023-03-17,3630.0,3768.9,3565.0,3627.9,20489224.709096156
2023-03-18,3627.9,3843.0,3533.0,3789.0,21137262.05076932
2023-03-19,3784.0,3888.0,3700.0,3787.9,22748029.310826607
2023-03-20,3787.8,4059.8,3737.2,3998.0,26275741.74199429
2023-03-21,3990.0,4074.0,3760.0,3827.0,30212971.512428105
2023-03-22,3834.8,4125.0,3820.0,4000.0,28203959.944211297
2023-03-23,3995.5,4030.0,3800.0,3932.0,14651486.056763623
2023-03-24,3930.2,3967.9,3811.1,3841.6,11419300.660057515
2023-03-25,3841.6,3925.0,3841.6,3875.1,7704167.86203279
2023-03-26,3881.9,3959.8,3781.0,3810.8,16059832.925813703
2023-03-27,3816.0,3900.0,3787.0,3897.9,11150247.858414106
2023-03-28,3897.9,4032.5,3865.2,4015.0,21102734.64814425
2023-03-29,4003.6,4115.0,3964.0,4038.0,19668984.82210905
2023-03-30,4040.0,4148.9,4003.0,4130.0,16169695.519379275
2023-03-31,4127.0,4470.0,4095.4,4458.0,44179716.57543688
2023-04-01,4458.0,4595.0,4191.0,4244.6,52870576.96720572
2023-04-02,4245.0,5200.0,4026.0,4744.9,119269975.03914723
2023-04-03,4741.0,5345.0,4563.3,5010.0,112150358.02297844
2023-04-04,5010.0,5149.9,4722.0,4844.8,38350220.98993545
2023-04-05,4844.8,4860.0,4578.0,4757.0,29401628.35262356
2023-04-06,4757.1,4766.0,4260.0,4280.0,44973841.506739184
2023-04-07,4280.0,4380.0,4252.0,4262.1,18839582.093067206
2023-04-08,4266.0,4350.0,4212.0,4320.0,18218209.54444508
2023-04-09,4319.9,4362.0,4243.0,4317.0,13325659.274144433
2023-04-10,4314.0,4409.0,4301.1,4336.0,16387397.196118044
2023-04-11,4336.0,4360.0,4220.0,4266.0,15649080.635460384
2023-04-12,4266.0,4500.0,4259.0,4426.0,30393486.33595433
2023-04-13,4430.0,4614.9,4351.0,4490.0,31087354.830139324
2023-04-14,4492.0,4589.7,4442.2,4515.0,15874917.58860009
2023-04-15,4515.0,4649.0,4481.1,4601.0,17513121.87164257
2023-04-16,4604.0,4857.0,4511.0,4703.0,47807703.982070155
2023-04-17,4712.0,4837.0,4632.0,4776.2,21851943.20148282
2023-04-18,4780.0,4824.8,4580.0,4688.0,29413142.49768757
2023-04-19,4694.9,4898.0,4455.0,4474.0,69271723.12032774
2023-04-20,4474.0,4536.0,4169.0,4195.0,25742121.73508833
2023-04-21,4195.5,4367.7,4151.0,4311.0,20069956.15707821
2023-04-22,4318.5,4348.0,4119.0,4163.0,13323273.972991413
2023-04-23,4163.0,4247.0,4103.0,4155.0,13850520.32908484
2023-04-24,4153.2,4214.0,4116.1,4209.9,8440755.175560554
2023-04-25,4209.0,4436.0,4086.0,4090.1,25911685.19940394
2023-04-26,4090.0,4331.0,4079.0,4295.0,15091036.113402406
2023-04-27,4285.0,4320.0,4250.0,4287.1,8111692.62708269
2023-04-28,4297.0,4450.0,4287.0,4404.0,17122604.51136455
2023-04-29,4404.0,4449.8,4361.0,4378.0,11083768.114867004
2023-04-30,4377.2,4440.0,4316.1,4372.3,14896021.302633768
2023-05-01,4378.9,4446.0,4292.4,4356.0,14285860.25119356
2023-05-02,4356.8,4370.0,4272.3,4306.0,7772982.538010748
2023-05-03,4313.8,4405.0,4292.0,4325.0,7321061.424572388
2023-05-04,4342.0,4360.0,4271.4,4320.0,8364307.569753487
2023-05-05,4329.0,4410.1,4151.0,4171.0,12614835.500171017
2023-05-06,4171.0,4207.0,4120.5,4133.0,5775813.005806194
2023-05-07,4139.5,4150.0,3850.0,3945.0,10320481.370760184
2023-05-08,3945.0,4000.0,3920.0,3945.0,6118889.289809701
2023-05-09,3945.5,4009.9,3850.0,3938.1,8520257.444731936
2023-05-10,3943.0,3969.0,3754.0,3817.0,7568667.988782516
2023-05-11,3817.0,3930.0,3760.0,3810.1,7964340.151228403
2023-05-12,3810.1,3875.0,3783.0,3799.9,4674701.671061241
2023-05-13,3799.9,3839.9,3717.6,3722.0,5828472.363156232
2023-05-14,3722.0,3840.0,3713.8,3804.1,6188156.570823394
2023-05-15,3808.0,3823.3,3755.0,3760.0,4309277.31645268
2023-05-16,3759.9,3861.9,3725.0,3849.8,9595022.724892877
2023-05-17,3849.8,3864.0,3725.0,3744.0,7319509.554641821
2023-05-18,3756.0,3850.0,3746.8,3781.4,4887217.221491342
2023-05-19,3793.8,3799.0,3750.0,3794.0,3464289.8598097577
2023-05-20,3795.0,3830.0,3772.0,3787.0,4415467.723211554
2023-05-21,3787.0,3869.9,3730.0,3821.0,9159078.738393692
2023-05-22,3821.0,3869.9,3805.0,3821.8,4927383.835368462
2023-05-23,3821.8,3840.0,3705.0,3741.4,6693361.363910653
2023-05-24,3741.4,3766.0,3670.0,3725.0,3645863.3743219594
2023-05-25,3730.0,3749.0,3700.0,3712.0,2812365.334282106
2023-05-26,3713.0,3740.0,3698.1,3727.9,3443633.547271676
2023-05-27,3727.9,3797.0,3718.2,3760.0,5560364.267837146
2023-05-28,3753.0,3810.0,3753.0,3793.5,5390016.956291847
2023-05-29,3780.0,3805.0,3755.0,3761.0,4223450.991510761
2023-05-30,3761.0,3776.8,3680.0,3712.6,4380842.673345833
2023-05-31,3712.6,3764.0,3685.3,3740.8,3199504.520747474
2023-06-01,3741.0,3775.0,3714.1,3758.0,3178169.481343928
2023-06-02,3750.2,3759.7,3722.1,3735.8,2558544.8794793827
2023-06-03,3735.8,3757.0,3728.0,3750.0,2450896.0728330724
2023-06-04,3750.0,3759.9,3410.0,3487.9,8986709.661483008
2023-06-05,3485.0,3708.9,3411.0,3634.0,10578420.738217337
2023-06-06,3634.0,3647.9,3333.8,3347.0,7996416.014272918
2023-06-07,3334.8,3424.9,3334.8,3396.9,4047622.1641337126
2023-06-08,3396.9,3544.0,3380.8,3425.0,6902019.6343236435
2023-06-09,3424.0,3540.0,2937.1,3069.9,17346973.682648707
2023-06-10,3069.9,3148.0,2850.0,2975.0,8958815.732846837
2023-06-11,2975.0,2995.0,2862.1,2975.0,6806255.36859013
2023-06-12,2974.0,3112.0,2962.2,3076.4,7917884.302869674
2023-06-13,3061.5,3095.0,2975.0,3016.0,5360882.465857092
2023-06-14,3014.5,3059.0,2926.0,3036.7,7461632.690944923
2023-06-15,3034.0,3100.0,3011.0,3080.3,5441234.983578276
2023-06-16,3080.3,3110.0,3046.0,3072.0,6087693.316151264
2023-06-17,3072.0,3184.1,3046.0,3060.0,9409285.0059198
2023-06-18,3058.1,3096.0,3021.0,3062.0,5318062.680284031
2023-06-19,3062.0,3110.0,3010.0,3061.0,7248706.269659554
2023-06-20,3061.0,3240.0,3056.3,3199.9,13907008.998416737
2023-06-21,3200.0,3378.6,3175.0,3250.0,14292556.548620617
2023-06-22,3250.0,3422.0,3221.1,3350.0,11334545.727780648
2023-06-23,3351.0,3399.0,3285.0,3340.0,10947736.967764715
2023-06-24,3340.0,3396.0,3325.0,3354.9,6919424.398027006
2023-06-25,3354.9,3360.0,3222.3,3249.0,6753959.279004239
2023-06-26,3241.0,3289.0,3183.5,3266.0,4762860.206641329
2023-06-27,3265.0,3300.0,3090.0,3110.1,5945925.78426601
2023-06-28,3119.0,3220.0,3111.0,3180.0,4083772.5430568615
2023-06-29,3191.0,3335.0,3150.6,3277.7,12519779.6015563
2023-06-30,3280.0,3529.9,3270.2,3399.0,15144520.446415422
2023-07-01,3391.0,3468.9,3340.0,3410.0,10517388.646876095
2023-07-02,3405.0,3459.9,3388.0,3447.8,9130879.336097732
2023-07-03,3447.0,3615.0,3413.0,3487.0,20611434.356024414
2023-07-04,3494.0,3498.9,3350.0,3410.0,9485135.17773939
2023-07-05,3408.0,3490.0,3330.0,3395.9,6775300.7850408545
2023-07-06,3395.9,3409.0,3320.0,3321.0,3435143.5881377957
2023-07-07,3320.1,3360.0,3285.0,3285.2,4392593.6332907975
2023-07-08,3297.6,3350.0,3282.0,3301.5,3413888.954175224
2023-07-09,3301.1,3320.0,3230.0,3300.1,3979886.6695711548
2023-07-10,3302.0,3311.2,3205.0,3220.0,4372723.199554444
2023-07-11,3217.0,3270.0,3190.1,3219.0,3377137.744772152
2023-07-12,3224.0,3491.4,3204.2,3480.0,13690641.227851383
2023-07-13,3477.0,3570.0,3300.0,3348.0,19279959.861629613
2023-07-14,3351.4,3677.0,3345.0,3556.0,24325395.717430677
2023-07-15,3569.6,3590.0,3410.1,3424.0,8389946.864828672
2023-07-16,3428.0,3590.0,3373.6,3412.0,7787712.612431715
2023-07-17,3414.1,3474.0,3333.0,3350.0,5840444.637696372
2023-07-18,3350.1,3519.0,3345.8,3432.6,9446213.00017782
2023-07-19,3433.0,3597.5,3413.2,3429.0,14684941.223774442
2023-07-20,3442.9,3750.0,3415.0,3575.0,22812011.462734696
2023-07-21,3576.9,3620.0,3460.0,3466.1,9111540.350017732
2023-07-22,3478.5,3559.8,3421.0,3508.1,9260311.558910096
2023-07-23,3507.0,3780.0,3450.1,3638.0,40714895.58941061
2023-07-24,3656.0,4115.0,3601.2,3990.0,46549201.50281306
2023-07-25,3990.0,4049.8,3807.0,3882.0,22997347.19952636
2023-07-26,3885.9,3947.0,3775.0,3799.0,13775995.24044298
2023-07-27,3799.0,3868.0,3751.0,3809.0,10762441.869179871
2023-07-28,3809.0,4025.0,3781.0,3970.1,15988667.780256143
2023-07-29,3971.1,3990.0,3781.5,3842.0,12138874.617367588
2023-07-30,3840.1,3963.0,3830.0,3872.3,9467544.421425702
2023-07-31,3872.3,3899.9,3800.0,3888.0,8743471.450749245
2023-08-01,3877.5,3919.0,3764.1,3779.2,10142215.85926897
2023-08-02,3779.2,3819.0,3690.0,3764.9,7737668.403448047
2023-08-03,3769.0,3780.0,3680.0,3702.1,6615820.530912267
2023-08-04,3708.0,3819.0,3652.1,3780.0,15387028.348678404
2023-08-05,3778.0,3798.0,3713.0,3736.6,6102293.76823274
2023-08-06,3741.9,3805.0,3645.0,3683.0,7171696.942068997
2023-08-07,3681.1,3759.8,3670.0,3728.8,5471422.08485817
2023-08-08,3721.0,3787.0,3712.0,3719.3,7665109.9774581725
2023-08-09,3721.0,3825.0,3710.6,3752.0,7661853.076537231
2023-08-10,3752.8,3765.0,3671.0,3683.9,4724051.374867751
2023-08-11,3682.0,3790.0,3682.0,3755.7,8118183.069099705
2023-08-12,3755.6,3770.0,3725.1,3739.0,4034805.8394856527
2023-08-13,3739.0,3798.8,3666.0,3711.0,10546829.10943088
2023-08-14,3711.0,3722.0,3525.0,3557.3,7147834.4479800975
2023-08-15,3565.0,3593.0,3380.0,3399.0,7876948.145940283
2023-08-16,3380.0,3419.8,3220.0,3287.0,7190373.337860521
2023-08-17,3285.9,3286.0,2995.0,3159.0,11818225.18362834
2023-08-18,3159.8,3210.0,3133.0,3163.7,7066494.155949912
2023-08-19,3152.1,3221.1,3145.1,3178.9,5816930.902164352
2023-08-20,3178.8,3189.0,3010.0,3092.0,5903172.493090244
2023-08-21,3099.1,3146.9,3030.0,3083.8,6160608.745063473
2023-08-22,3084.0,3200.0,3025.0,3185.9,8776522.41469346
2023-08-23,3185.9,3188.9,3110.0,3125.0,3750243.6756120757
2023-08-24,3122.0,3150.0,3091.0,3126.0,3194790.336863713
2023-08-25,3126.0,3148.0,3115.2,3120.1,2526991.463896116
2023-08-26,3121.0,3160.0,3110.0,3142.0,3495996.001871045
2023-08-27,3136.0,3160.0,3102.0,3137.0,4015610.685171266
2023-08-28,3139.4,3382.0,3120.0,3314.9,14263848.9239705
2023-08-29,3315.0,3319.9,3200.0,3254.0,7201614.589504612
2023-08-30,3254.0,3330.0,3110.0,3183.5,11283284.999176022
2023-08-31,3195.0,3203.0,3125.0,3174.3,4263357.0687359115
2023-09-01,3176.1,3237.0,3144.0,3169.9,4694102.735409805
2023-09-02,3169.9,3199.0,3158.7,3180.9,2938745.880781252
2023-09-03,3180.9,3206.6,3161.8,3171.8,2557745.719279256
2023-09-04,3174.6,3247.8,3149.1,3215.0,6224602.805625364
2023-09-05,3213.0,3244.0,3161.0,3176.2,4203905.70394481
2023-09-06,3176.2,3197.9,3162.0,3178.0,2285857.9941014205
2023-09-07,3178.0,3199.8,3150.0,3164.0,3387310.0339756887
2023-09-08,3170.0,3200.0,3164.0,3177.0,2892800.8926553545
2023-09-09,3177.1,3189.9,3063.0,3097.0,4657619.811798602
2023-09-10,3097.0,3119.7,3000.0,3027.0,3468029.8866115003
2023-09-11,3024.0,3220.0,3022.4,3078.0,4945169.489664886
2023-09-12,3081.7,3104.0,3052.0,3080.0,2756412.1030247863
2023-09-13,3085.0,3131.0,3083.0,3127.0,4418395.490604376
2023-09-14,3118.2,3135.0,3090.1,3113.1,3584943.253396426
2023-09-15,3117.9,3150.8,3103.1,3110.1,3997456.778851448
2023-09-16,3111.0,3134.5,3081.0,3088.9,3901613.894945038
2023-09-17,3088.9,3124.9,3061.1,3075.0,3877273.6301296796
2023-09-18,3075.0,3140.0,3069.7,3115.9,4428819.582446867
2023-09-19,3116.0,3130.0,3072.0,3085.1,3516311.565482329
2023-09-20,3085.4,3140.0,3058.0,3059.2,3946850.0156845455
2023-09-21,3062.6,3089.0,3041.0,3053.1,2068905.2421903568
2023-09-22,3046.0,3080.0,3041.6,3067.0,2736386.7675536815
2023-09-23,3075.8,3075.8,3034.8,3036.1,2453718.8613373637
2023-09-24,3036.0,3049.8,3015.0,3036.0,3406636.7216017493
2023-09-25,3036.0,3044.9,3005.0,3017.0,2893838.348186279
2023-09-26,3016.9,3055.0,2992.0,3024.5,4856432.936768078
2023-09-27,3024.4,3080.0,3011.8,3065.1,4028845.4110280974
2023-09-28,3065.0,3112.0,3062.1,3090.0,4856417.722041567
2023-09-29,3095.0,3143.0,3085.1,3126.7,5840219.953555649
2023-09-30,3126.7,3159.4,3106.0,3117.0,5317550.1391938105
2023-10-01,3119.2,3212.0,3100.0,3123.0,7848271.875982894
2023-10-02,3123.0,3135.6,3074.0,3080.8,4320359.380566512
2023-10-03,3091.9,3100.0,3045.0,3080.0,4548628.961380368
2023-10-04,3080.0,3096.0,3063.0,3085.0,3018108.557894008
2023-10-05,3075.8,3090.0,3068.0,3080.0,1932068.423269383
2023-10-06,3080.0,3117.9,3076.0,3110.0,3025264.591718559
2023-10-07,3110.0,3215.0,3110.0,3196.0,8887218.54834537
2023-10-08,3193.1,3230.0,3111.1,3160.1,7111267.256684976
2023-10-09,3160.0,3199.0,3080.0,3104.0,4376877.050983828
2023-10-10,3104.0,3139.3,3002.0,3026.0,4334016.860444007
2023-10-11,3034.7,3048.2,2980.0,3030.0,3981185.5370392655
2023-10-12,3033.9,3073.9,3013.1,3023.7,3853238.190747971
2023-10-13,3024.4,3067.0,3016.2,3052.3,4207675.53639977
2023-10-14,3060.8,3083.0,3032.0,3035.0,3316898.3547491566
2023-10-15,3035.6,3115.0,3026.5,3046.0,5098350.75218294
2023-10-16,3046.0,3065.0,3003.8,3013.0,4081407.574501028
2023-10-17,3014.0,3054.0,3006.1,3016.0,3401304.7909122133
2023-10-18,3009.0,3039.9,2980.1,3009.8,3701056.867175244
2023-10-19,3009.8,3063.0,3004.5,3053.2,5073022.598421295
2023-10-20,3052.1,3082.0,3025.0,3055.0,5081285.495563621
2023-10-21,3055.0,3096.9,3041.0,3075.8,6223584.660398094
2023-10-22,3075.8,3319.0,3074.0,3252.1,17737365.137085937
2023-10-23,3255.0,3529.0,3250.1,3382.9,23652075.453124985
2023-10-24,3375.1,3519.6,3303.6,3512.0,11148534.030086508
2023-10-25,3505.2,3869.0,3472.0,3713.2,33112786.71322372
2023-10-26,3713.2,3750.0,3509.0,3539.0,12148370.423528152
2023-10-27,3539.0,3634.8,3508.5,3594.4,14181066.333946887
2023-10-28,3594.0,3629.9,3534.0,3595.0,9254732.01053683
2023-10-29,3595.0,3630.0,3535.1,3582.0,10307751.792790242
2023-10-30,3582.1,3676.0,3486.1,3562.0,19521666.252087962
2023-10-31,3562.0,3571.9,3425.0,3565.0,14162629.655306531
2023-11-01,3560.0,3670.0,3506.0,3569.8,15031721.747513518
2023-11-02,3569.8,3579.0,3483.8,3517.0,5578057.335601616
2023-11-03,3517.0,3575.0,3510.0,3531.0,6424909.977461605
2023-11-04,3531.0,3695.0,3530.0,3666.6,16296856.152075421
2023-11-05,3667.8,3935.0,3622.1,3870.1,24825160.730016824
2023-11-06,3869.2,3929.0,3700.0,3807.0,15641486.854980342
2023-11-07,3807.0,3950.0,3761.0,3875.0,10554349.78499038
2023-11-08,3874.0,3994.3,3651.1,3670.0,24025615.52342422
2023-11-09,3658.0,3854.7,3650.0,3818.9,12714712.166132947
2023-11-10,3819.0,4192.0,3812.4,4101.2,38506537.09606282
2023-11-11,4101.5,4149.0,3910.0,4029.1,15205577.47609422
2023-11-12,4032.0,4096.0,3900.0,3935.0,13243887.324011423
2023-11-13,3935.0,3987.0,3620.0,3707.6,12913502.348892534
2023-11-14,3702.0,3879.0,3685.0,3877.0,8045330.031906673
2023-11-15,3868.8,4231.0,3843.3,4067.0,41692384.077696316
2023-11-16,4066.1,4490.0,4000.0,4261.1,50619658.54117925
2023-11-17,4267.0,4450.0,4077.1,4150.0,26573706.76025007
2023-11-18,4153.0,4157.9,3960.0,4046.0,15373200.759389365
2023-11-19,4045.0,4168.0,4000.0,4030.8,13157648.250425836
2023-11-20,4028.0,4033.2,3712.0,3814.9,14962379.11515383
2023-11-21,3814.9,3885.0,3652.2,3850.0,9721818.120602908
2023-11-22,3849.0,3894.0,3800.2,3853.7,6599905.2471671775
2023-11-23,3862.0,3968.9,3850.0,3929.0,8720758.728682535
2023-11-24,3920.4,4018.0,3917.8,3975.2,8371829.651917816
2023-11-25,3982.0,4010.0,3850.0,3919.8,5951764.050072887
2023-11-26,3919.8,4146.0,3906.1,3920.0,22445725.346281167
2023-11-27,3917.0,4099.0,3910.0,4060.3,12500751.593560038
2023-11-28,4060.2,4199.0,4030.2,4094.0,15614095.350101793
2023-11-29,4094.0,4286.9,4080.4,4246.0,17492544.737160202
2023-11-30,4246.0,4299.0,4175.2,4222.8,12652955.618167909
2023-12-01,4214.0,4320.0,4209.0,4306.0,9824937.016208343
2023-12-02,4306.0,4375.0,4244.1,4307.0,15300734.632194832
2023-12-03,4309.9,4570.0,4289.0,4488.4,30343439.007758223
2023-12-04,4492.0,4807.0,4430.0,4697.9,29238778.616201896
2023-12-05,4697.9,5280.0,4680.0,5009.5,51973162.20366562
2023-12-06,5009.5,5013.0,4700.3,4769.5,20561007.125751533
2023-12-07,4761.0,5070.6,4710.0,5032.1,20152692.29185698
2023-12-08,5039.0,5234.6,4961.0,5010.2,22862254.051542137
2023-12-09,5010.1,5174.0,4900.0,5133.0,12330698.571219375
2023-12-10,5135.0,5385.0,4555.0,4725.0,33046076.920357205
2023-12-11,4717.1,4950.0,4650.0,4680.1,18122148.63893783
2023-12-12,4681.2,4848.0,4615.0,4815.6,10287356.77084449
2023-12-13,4816.9,4985.0,4770.1,4885.5,16080270.74516313
2023-12-14,4888.0,4967.0,4750.0,4812.6,11145305.507935904
2023-12-15,4817.0,4882.0,4700.0,4844.0,12216254.720251683
2023-12-16,4845.0,4939.0,4750.0,4807.1,16140899.986107092
2023-12-17,4810.0,4837.6,4437.0,4558.0,16712080.308442755
2023-12-18,4559.0,4719.0,4520.0,4578.1,11761034.464301538
2023-12-19,4578.0,4669.0,4509.0,4576.7,11741556.433446575
2023-12-20,4576.7,4848.0,4551.9,4792.0,12620143.04900476
2023-12-21,4792.0,4869.0,4611.0,4684.5,17686126.630209524
2023-12-22,4690.0,4740.0,4620.0,4672.0,8573270.895217575
2023-12-23,4672.0,4765.0,4660.0,4713.0,10954396.687227853
2023-12-24,4713.0,4770.0,4600.0,4711.1,13206620.230895596
2023-12-25,4711.1,4755.0,4560.0,4609.8,13051553.66399795
2023-12-26,4609.8,4733.6,4561.0,4719.0,9108631.566403132
2023-12-27,4719.2,4775.0,4650.0,4671.9,10745000.191831352
2023-12-28,4699.0,4721.0,4605.3,4653.2,6574637.169325701
2023-12-29,4654.0,4669.8,4561.0,4616.0,5292257.38170068
2023-12-30,4624.0,4649.5,4575.0,4603.0,4107432.1539108604
2023-12-31,4615.9,4694.0,4552.0,4672.1,6537384.311269295
2024-01-01,4672.1,4780.0,4641.0,4671.0,12020293.085519917
2024-01-02,4677.0,4713.0,4197.0,4245.1,19490353.032420013
2024-01-03,4245.1,4367.0,4220.0,4330.0,8296961.647405232
2024-01-04,4332.0,4375.0,4175.0,4226.0,6972511.076246266
2024-01-05,4221.2,4275.0,4040.0,4160.0,7027544.4190142555
2024-01-06,4156.2,4195.0,4077.0,4117.1,4743449.011844234
2024-01-07,4115.1,4189.9,3800.0,4144.0,11107203.863021165
2024-01-08,4144.0,4325.0,4000.0,4083.1,12649651.858997853
2024-01-09,4086.0,4225.0,4000.0,4062.4,11175418.085627066
2024-01-10,4062.5,4535.0,4062.3,4426.0,26016370.025039922
2024-01-11,4426.0,4438.0,4187.0,4273.0,12089118.439950945
2024-01-12,4278.0,4318.0,4101.0,4285.0,9907503.047542391
2024-01-13,4277.0,4484.9,4260.1,4297.0,14365505.455446338
2024-01-14,4297.0,4350.0,4246.3,4304.0,8540051.23953547
2024-01-15,4303.0,4400.0,4274.0,4341.1,9182997.693474578
2024-01-16,4341.0,4373.8,4293.0,4328.0,5011155.559425163
2024-01-17,4328.0,4380.0,4250.0,4257.2,7624514.084963754
2024-01-18,4265.0,4298.9,4095.0,4235.2,6948791.353031614
2024-01-19,4236.5,4580.0,4201.8,4512.3,12494534.823750064
2024-01-20,4519.1,4850.0,4460.0,4621.0,35127529.23618532
2024-01-21,4621.0,4644.9,4400.0,4491.0,17524437.249264844
2024-01-22,4491.0,4515.0,4225.0,4261.1,13025105.586650688
2024-01-23,4256.6,4500.0,4256.6,4346.4,11245919.17179774
2024-01-24,4344.1,4397.9,4305.0,4355.9,5745433.157104532
2024-01-25,4355.0,4443.4,4321.0,4417.7,7567054.024185022
2024-01-26,4417.5,4470.0,4349.0,4468.0,9661122.75409996
2024-01-27,4450.1,4544.9,4421.1,4431.0,8307181.849140657
2024-01-28,4423.0,4762.0,4422.2,4719.5,22606845.17487724
2024-01-29,4710.0,4762.0,4630.1,4719.0,12126958.287449185
2024-01-30,4719.0,4735.0,4570.0,4660.0,10328128.79770641
2024-01-31,4660.0,4665.0,4560.0,4626.0,5158351.236093025
2024-02-01,4629.2,4654.0,4548.0,4578.7,7386066.214748672
2024-02-02,4570.0,4617.0,4460.0,4469.0,6568870.373865292
2024-02-03,4458.0,4495.6,4331.0,4378.4,6654482.504449625
2024-02-04,4370.1,4430.0,4300.0,4338.4,6744892.011842944
2024-02-05,4344.5,4376.9,4305.0,4363.1,5423032.033706572
2024-02-06,4363.1,4440.0,4320.9,4433.0,4309151.218924896
2024-02-07,4438.9,4473.4,4406.5,4447.0,4800605.50689744
2024-02-08,4447.0,4533.2,4410.0,4476.0,7187810.79062348
2024-02-09,4481.0,4482.0,4406.5,4451.5,4294579.630901945
2024-02-10,4450.2,4569.0,4450.0,4502.2,6203304.921059011
2024-02-11,4502.3,4529.3,4385.0,4493.0,9975905.4988892
2024-02-12,4495.0,4555.0,4415.0,4474.7,10344050.38872883
2024-02-13,4474.7,4772.0,4440.0,4750.0,21974105.730635982
2024-02-14,4759.7,4847.9,4690.0,4724.0,21269249.98145592
2024-02-15,4723.0,4890.0,4700.7,4754.9,14271257.395764563
2024-02-16,4754.0,4795.0,4584.0,4670.0,10299389.329764731
2024-02-17,4668.0,4790.0,4645.3,4745.0,11588122.961715354
2024-02-18,4745.0,5044.9,4745.0,5001.0,21414259.837757632
2024-02-19,5000.0,5132.0,4754.0,4850.0,19962885.106878724
2024-02-20,4850.0,4897.0,4700.0,4765.9,10418525.253668392
2024-02-21,4760.0,4872.6,4707.0,4843.0,7237839.842316992
2024-02-22,4848.4,4898.0,4766.0,4852.4,9502981.63374211
2024-02-23,4853.0,4950.0,4812.2,4913.0,8507615.901102813
2024-02-24,4907.1,4970.0,4881.2,4956.9,6219674.456466733
2024-02-25,4956.0,5150.0,4866.0,5100.0,15709402.56981498
2024-02-26,5090.2,5830.0,5084.0,5770.3,44993920.81786731
2024-02-27,5770.4,6995.0,5500.0,6494.9,54664719.03548075
2024-02-28,6466.1,7860.0,6462.0,7513.0,84313902.49587202
2024-02-29,7500.1,8250.0,6596.1,8052.0,54589144.111842155
2024-03-01,8053.0,8859.0,7911.7,8264.3,62563285.333172105
2024-03-02,8274.1,9352.4,7650.0,9180.0,54197557.90772587
2024-03-03,9185.0,11000.0,8700.0,10780.1,77980421.19503069
2024-03-04,10799.0,12100.0,6833.0,6989.0,67455305.58239724
2024-03-05,6989.0,10770.0,6800.0,9459.9,49340554.51894228
2024-03-06,9432.1,9688.0,8485.6,9469.0,29556395.34638979
2024-03-07,9466.0,10395.0,9205.0,10100.1,43225596.16501395
2024-03-08,10110.0,11000.0,9760.0,10456.0,43653522.17221089
2024-03-09,10456.0,10922.0,9900.0,10225.2,25644600.53356864
2024-03-10,10230.0,10699.0,9568.0,10435.0,23795093.01783136
2024-03-11,10433.0,10800.0,9560.0,9863.4,22761546.681383785
2024-03-12,9863.4,10369.0,9800.0,10112.0,15857746.072906716
2024-03-13,10112.0,11198.0,9874.3,10469.0,50993967.2907189
2024-03-14,10469.0,10850.0,8954.3,9698.9,38064137.36576282
2024-03-15,9698.8,9850.0,8300.0,8580.0,27750785.368479904
2024-03-16,8566.0,9549.9,8105.0,9293.0,31387633.97930956
2024-03-17,9293.0,9430.0,8450.0,8735.0,16957732.942737944
2024-03-18,8734.9,8850.0,7700.0,8127.0,30735437.445084307
2024-03-19,8130.0,9200.0,7652.2,9200.0,30421671.313241206
2024-03-20,9200.0,9839.0,8912.2,9469.0,40203116.76947226
2024-03-21,9469.0,10264.6,9058.9,9439.0,32380271.20388298
2024-03-22,9439.0,10799.9,9260.0,10404.0,42487466.65303025
2024-03-23,10382.0,10965.0,10023.1,10909.0,32134759.667506054
2024-03-24,10901.1,11255.0,10500.0,11101.9,39624718.794680096
2024-03-25,11111.0,11380.0,10736.1,10950.0,30535487.29452579
2024-03-26,10934.0,11730.0,10933.0,11542.0,42496748.46743646
2024-03-27,11542.0,14100.0,11385.0,13702.0,74918261.16364379
2024-03-28,13702.1,13869.0,12800.0,13247.0,35786824.9930713
2024-03-29,13247.0,13425.0,12200.0,12510.0,24331642.1881582
2024-03-30,12499.0,13897.0,12350.0,13660.0,28464819.729888257
2024-03-31,13660.0,13800.0,12400.0,12850.0,33707237.127849124
2024-04-01,12851.0,12988.0,11400.0,11899.9,36447311.53413604
2024-04-02,11899.9,11980.0,11087.0,11200.2,23927091.783828042
2024-04-03,11200.0,12100.0,10900.0,11515.0,28615795.834539074
2024-04-04,11531.0,11724.6,10950.0,11621.2,22691110.210522007
2024-04-05,11610.0,12000.0,11450.0,11840.0,20906764.639095504
2024-04-06,11833.0,13000.0,11825.0,12598.9,34877079.23002736
2024-04-07,12598.9,13245.0,12480.0,12686.5,26044740.55217818
2024-04-08,12682.0,12895.0,12000.1,12284.0,21262305.607768092
2024-04-09,12270.0,13000.0,11900.0,12901.1,28347314.07137021
2024-04-10,12901.1,13165.0,12446.0,12745.0,23468139.36577447
2024-04-11,12749.5,13038.0,11000.0,11599.9,29495408.798057545
2024-04-12,11600.0,11930.0,9000.0,9911.0,24390732.845579673
2024-04-13,9875.0,11160.2,9100.0,10305.0,37584276.882939816
2024-04-14,10302.0,11500.0,10103.0,10800.3,34127723.614351206
2024-04-15,10800.4,11081.0,9803.0,10281.0,20737870.754061043
2024-04-16,10283.0,10590.0,9700.0,9980.0,20061896.7241838
2024-04-17,9974.3,10253.0,9500.0,10102.3,20754006.93241603
2024-04-18,10102.3,10380.0,9600.0,10153.0,22184038.42072972
2024-04-19,10152.1,10664.8,9915.0,10500.0,25153348.194569748
2024-04-20,10528.0,10709.0,10177.0,10310.8,17215797.947251357
2024-04-21,10311.0,10594.0,10226.0,10477.0,14664147.675093887
2024-04-22,10499.0,10590.0,10255.0,10389.0,12525138.73287995
2024-04-23,10370.1,10605.0,9706.0,9770.0,19083986.544165432
2024-04-24,9744.0,9845.0,9234.0,9710.0,14511826.220974274
2024-04-25,9710.0,9826.2,9351.1,9439.0,7788620.11960544
2024-04-26,9435.0,9460.0,8800.0,9050.6,13013996.279120006
2024-04-27,9010.0,9290.0,9000.0,9120.0,6108494.074008867
2024-04-28,9090.0,9168.8,8500.0,8654.1,11124926.262055052
2024-04-29,8651.0,8980.0,8035.0,8285.9,12243218.658882562
2024-04-30,8285.9,8450.0,7100.0,7919.9,25123215.22324042
2024-05-01,7915.0,8200.0,7571.0,8110.0,15121129.877357952
2024-05-02,8103.0,8798.0,8030.0,8740.0,15530940.4666296
2024-05-03,8740.0,10327.0,8740.0,9849.0,42598010.33406316
2024-05-04,9841.6,9962.0,9387.5,9762.0,20862563.168882884
2024-05-05,9762.0,10300.0,9430.0,9695.0,24747126.900206093
2024-05-06,9695.0,9818.5,9325.1,9421.0,9668326.933365013
2024-05-07,9420.0,9431.0,8820.0,8842.0,13881433.337880418
2024-05-08,8841.8,9229.0,8701.0,9167.0,13023251.210971268
2024-05-09,9179.0,9420.0,8772.3,8778.0,15316134.89210028
2024-05-10,8772.4,8955.0,8650.2,8750.0,7257682.311122913
2024-05-11,8740.0,8789.9,8464.2,8493.0,6594627.426506023
2024-05-12,8472.1,9278.9,8200.0,8920.1,20545865.255469423
2024-05-13,8922.0,9170.2,8629.0,8730.0,13735250.259073984
2024-05-14,8729.0,9099.0,8588.0,9052.0,15393798.67290104
2024-05-15,9036.0,9242.0,8737.0,8743.0,13469287.18629257
2024-05-16,8735.0,9098.0,8711.1,8998.9,8895359.419030456
2024-05-17,8990.0,9066.0,8650.0,8690.0,8192636.74510941
2024-05-18,8681.0,8948.0,8668.2,8760.0,10280754.318388939
2024-05-19,8738.1,9040.0,8679.0,8901.0,10869843.829571921
2024-05-20,8915.0,9850.0,8834.0,9472.0,28584985.054124016
2024-05-21,9471.0,9890.0,9250.1,9501.0,15313149.344073324
2024-05-22,9500.0,9720.0,9009.0,9190.0,14157906.800264064
2024-05-23,9163.0,9911.5,9069.0,9522.0,23345719.913188275
2024-05-24,9522.0,9757.0,9400.0,9683.9,13290072.68566601
2024-05-25,9671.0,9950.0,9510.0,9617.0,11613657.086293124
2024-05-26,9615.0,9900.0,9410.0,9666.0,18518494.816155434
2024-05-27,9666.0,9796.5,9433.0,9615.0,15672777.887902714
2024-05-28,9614.8,9890.0,9505.0,9622.0,16321953.925199647
2024-05-29,9622.0,9670.0,9250.0,9451.9,14078072.758561539
2024-05-30,9445.0,9559.0,9189.0,9380.0,7187668.8760749055
2024-05-31,9380.0,9469.8,9286.2,9387.0,7144361.327739312
2024-06-01,9382.1,9400.0,8748.6,9104.5,13683037.847312475
2024-06-02,9103.0,9512.0,9090.0,9357.9,10617167.624209387
2024-06-03,9330.0,9399.0,9133.0,9278.0,7025094.399571911
2024-06-04,9265.0,9540.0,9250.0,9493.0,10325620.979189107
2024-06-05,9466.6,9650.0,9317.1,9394.0,8021756.336698225
2024-06-06,9380.0,9500.0,8002.0,8780.1,12340024.293390593
2024-06-07,8774.0,8884.0,8450.0,8608.9,6741526.648807638
2024-06-08,8608.9,8784.9,8500.0,8700.0,4165692.759112516
2024-06-09,8700.0,8720.0,8480.0,8501.2,4923871.758546527
2024-06-10,8501.1,8598.9,7315.0,8149.0,8981051.909086466
2024-06-11,8135.0,8825.0,8000.0,8500.2,10593373.98126248
2024-06-12,8500.6,8618.7,8260.0,8345.0,4881710.741050445
2024-06-13,8325.6,8478.9,7800.0,7940.0,6741363.429777858
2024-06-14,7938.9,8065.0,7895.0,7927.1,5517719.911293372
2024-06-15,7920.2,8048.0,7915.0,7985.2,3311788.071197856
2024-06-16,7985.1,8105.0,7451.0,7761.6,6598087.837577765
2024-06-17,7748.5,7787.4,6691.8,7136.5,10251984.01027369
2024-06-18,7126.2,7500.0,7100.0,7222.0,5063057.498238203
2024-06-19,7222.0,7599.0,7195.2,7397.5,5874826.002506496
2024-06-20,7370.1,7459.0,7222.1,7389.0,3627235.564806568
2024-06-21,7360.3,7440.0,7270.0,7369.8,3031580.317551765
2024-06-22,7365.5,7450.0,7300.0,7350.1,2663490.2047753995
2024-06-23,7350.1,7598.0,7055.0,7059.9,7765856.08879121
2024-06-24,7054.7,7718.9,7009.0,7649.9,7931556.1825012285
2024-06-25,7631.0,7709.9,7385.0,7436.0,3852783.415626961
2024-06-26,7436.0,7700.0,7333.0,7614.3,4162666.2332415953
2024-06-27,7614.4,7890.0,7530.0,7565.0,5360285.384734641
2024-06-28,7565.0,7645.9,7496.0,7567.0,2122256.786574579
2024-06-29,7567.0,7664.9,7455.0,7651.8,2895523.1690958296
2024-06-30,7657.9,7790.0,7580.1,7728.7,3732821.463095404
2024-07-01,7715.0,7741.4,7564.4,7641.8,3139200.847739905
2024-07-02,7642.0,7740.0,7231.0,7277.0,4794609.665029299
2024-07-03,7266.9,7359.8,6509.0,6707.1,7118027.556520595
2024-07-04,6707.2,6839.0,5666.0,6350.0,12963311.54487649
2024-07-05,6346.5,6853.6,6181.0,6776.0,7235743.798704172
2024-07-06,6776.0,6919.9,6239.0,6400.0,7297320.12333151
2024-07-07,6396.0,6600.0,5877.0,6400.0,10274422.005788092
2024-07-08,6362.1,6517.2,6300.0,6340.0,4159867.602964785
2024-07-09,6340.0,6477.0,6240.0,6332.0,5559363.792894875
2024-07-10,6330.0,6537.0,6244.0,6288.7,5112619.487677498
2024-07-11,6257.1,6329.9,6150.0,6225.1,3458750.381573164
2024-07-12,6221.0,6534.4,6200.0,6475.9,5394114.241784302
2024-07-13,6485.0,6650.0,6440.3,6598.0,5754633.141820925
2024-07-14,6581.1,7110.0,6571.3,7109.9,9091319.721901428
2024-07-15,7100.0,7400.0,6841.1,7259.9,11045142.50660673
2024-07-16,7225.5,7340.0,6961.0,7112.1,6193529.434330002
2024-07-17,7101.6,7174.7,6793.0,6833.0,4606639.90276198
2024-07-18,6834.0,7215.0,6801.0,7157.0,4846043.963935812
2024-07-19,7157.0,7750.0,7085.0,7716.0,10987456.68469624
2024-07-20,7716.0,8029.0,7250.0,8021.0,9619300.690898225
2024-07-21,8020.4,8275.0,7855.0,8167.0,19025312.87198904
2024-07-22,8156.4,8210.0,7500.0,7613.0,10882397.27383397
2024-07-23,7571.0,7848.5,7560.0,7624.0,5025935.822661924
2024-07-24,7624.0,7675.7,7105.0,7181.6,6424985.70309743
2024-07-25,7175.0,7835.0,7140.3,7738.1,7214319.037242738
2024-07-26,7735.1,8089.9,7671.0,7779.7,9072537.538406046
2024-07-27,7772.0,7950.0,7565.0,7636.0,5319569.370304772
2024-07-28,7620.0,7910.9,7578.0,7693.5,6912146.452695977
2024-07-29,7653.1,7740.0,7400.0,7454.5,6249104.744594615
2024-07-30,7454.5,7705.0,7374.0,7420.0,5520539.507247442
2024-07-31,7407.8,7469.8,6800.0,7074.5,8823500.431909462
2024-08-01,7060.0,7333.0,6810.0,7017.4,8940638.83525005
2024-08-02,7017.4,7120.0,6503.0,6606.7,7458478.326854477
2024-08-03,6604.7,6761.0,6100.0,6469.8,6984511.1186251035
2024-08-04,6430.0,6500.0,5011.2,5855.4,22619123.464281827
2024-08-05,5826.1,6284.0,5712.0,5895.0,11269035.434574734
2024-08-06,5880.0,6232.0,5822.0,5960.0,9246269.966196772
2024-08-07,5961.0,6390.0,5755.0,6240.0,8744244.4826402
2024-08-08,6262.4,6580.0,6180.0,6286.6,7280812.477809183
2024-08-09,6282.5,6388.1,6205.1,6318.0,3658635.749015637
2024-08-10,6318.0,6700.0,6100.0,6130.0,8948980.187238965
2024-08-11,6129.9,6499.0,6012.0,6359.0,7097043.390005495
2024-08-12,6334.9,6560.0,6207.6,6297.0,5989251.812052119
2024-08-13,6297.1,6380.0,6008.0,6065.2,6716629.638305223
2024-08-14,6044.5,6214.8,5824.6,5875.1,6109115.323799492
2024-08-15,5876.0,6054.0,5750.0,5940.0,4278809.945376722
2024-08-16,5947.7,5999.0,5830.0,5942.4,3590526.969475146
2024-08-17,5942.0,6035.3,5860.1,5924.5,3762711.1674487144
2024-08-18,5922.7,5949.6,5761.1,5857.0,4850592.816248294
2024-08-19,5837.2,6170.0,5835.3,6100.0,7782501.958631261
2024-08-20,6096.0,6261.9,5950.0,6229.0,4571332.176779977
2024-08-21,6229.0,6250.0,6081.0,6153.0,3734963.355004019
2024-08-22,6153.0,6588.8,6150.1,6540.0,9690287.596104171
2024-08-23,6540.0,6705.8,6464.0,6699.0,6881916.896081096
2024-08-24,6695.0,6714.9,6343.5,6500.0,7416479.625861698
2024-08-25,6511.0,6627.8,6260.0,6290.0,5696009.453527272
2024-08-26,6294.0,6371.8,6153.5,6184.1,3918742.076769436
2024-08-27,6164.3,6210.1,5810.0,5946.4,7232079.944946009
2024-08-28,5929.1,6139.8,5876.0,5955.1,3941787.653449788
2024-08-29,5952.0,6160.0,5862.6,6021.9,4555354.909487439
2024-08-30,6013.1,6147.0,6000.0,6030.0,2585287.8470617207
2024-08-31,6029.0,6084.0,5870.0,5997.0,3005423.3124057073
2024-09-01,5992.0,5997.0,5711.0,5870.4,4232428.64678237
2024-09-02,5870.4,6025.0,5825.1,5885.4,3623727.8271533316
2024-09-03,5885.4,5944.9,5512.2,5810.1,4557803.259544963
2024-09-04,5839.8,5924.9,5750.0,5859.0,3364028.703810129
2024-09-05,5855.8,5944.0,5450.0,5470.0,7459252.845334972
2024-09-06,5453.7,5710.0,5338.0,5669.9,5084104.863023149
2024-09-07,5660.1,5784.9,5601.4,5672.6,3095772.7353554014
2024-09-08,5672.7,6200.0,5670.1,6084.0,7285320.765075328
2024-09-09,6084.0,6192.0,6030.7,6104.5,4925730.613296915
2024-09-10,6104.5,6140.0,5850.0,6070.0,4422753.117250637
2024-09-11,6070.0,6140.0,5985.0,6042.2,2268003.71901486
2024-09-12,6065.6,6423.5,6025.0,6312.6,7806564.930067146
2024-09-13,6302.4,6380.0,6210.0,6238.1,3645924.8201706368
2024-09-14,6237.0,6307.9,6201.0,6210.0,2966366.128623524
2024-09-15,6203.0,6259.2,5900.0,5926.0,5990540.691586761
2024-09-16,5926.0,6143.9,5907.3,6014.9,4531807.495807695
2024-09-17,6037.9,6159.9,5941.0,6015.0,4775491.070601664
2024-09-18,6009.1,6338.7,6006.0,6263.1,6161809.820962265
2024-09-19,6263.1,6330.0,6159.9,6237.0,4461840.627015963
2024-09-20,6237.0,6495.0,6210.0,6450.0,5612402.405136278
2024-09-21,6453.0,6500.0,6271.2,6348.9,4260083.509218503
2024-09-22,6348.9,6470.0,6190.1,6444.2,4643301.009609414
2024-09-23,6430.0,6679.6,6419.7,6628.9,7135031.424690164
2024-09-24,6610.0,6695.0,6561.0,6635.0,5351082.03173351
2024-09-25,6648.0,7350.0,6509.0,7058.7,12744150.31420858
2024-09-26,7058.7,7700.0,6990.1,7485.0,12078053.377221363
2024-09-27,7489.5,8160.0,7310.0,7964.2,17566838.753322113
2024-09-28,7964.2,7981.0,7600.0,7754.9,7815185.40306367
2024-09-29,7755.3,7812.7,7113.0,7287.0,8341110.629129177
2024-09-30,7287.9,7359.8,6434.0,6575.0,14327174.626612784
2024-10-01,6575.0,6849.6,6410.0,6543.8,7670422.866427238
2024-10-02,6543.9,6700.0,6400.0,6617.7,4990828.536703975
2024-10-03,6599.1,6950.0,6570.0,6840.0,6768664.631421631
2024-10-04,6840.0,6927.0,6700.0,6796.0,5157796.081845372
2024-10-05,6795.0,7110.0,6781.5,6967.1,6180645.676710671
2024-10-06,6967.1,7200.0,6903.1,7006.1,7628025.966313683
2024-10-07,7006.1,7100.0,6710.0,6796.0,6900762.608970124
2024-10-08,6800.0,7049.9,6755.1,6855.0,8267211.238854834
2024-10-09,6855.0,6950.0,6662.5,6691.0,6089632.410056741
2024-10-10,6691.0,7020.0,6689.8,6976.9,4996321.538582159
2024-10-11,6951.3,7044.8,6880.0,6999.0,5114963.334662775
2024-10-12,6990.0,7060.0,6871.5,6938.0,5807208.437939482
2024-10-13,6938.0,7328.9,6905.0,7281.0,10018024.815727547
2024-10-14,7281.0,7455.0,7001.0,7160.0,12851612.021656495
2024-10-15,7158.0,8245.0,7130.3,8206.0,30246790.94632167
2024-10-16,8201.1,8239.7,7700.0,8154.0,15797822.39401787
2024-10-17,8160.0,8988.0,8061.1,8646.4,28096211.562023193
2024-10-18,8679.0,9380.0,8620.0,8972.0,22158998.94088274
2024-10-19,8979.0,9340.0,8810.0,9054.0,16229457.35727664
2024-10-20,9054.0,9640.0,8972.0,9328.0,23401197.54728714
2024-10-21,9328.0,9589.8,9126.0,9243.0,15641819.521474343
2024-10-22,9243.0,9546.0,9100.0,9371.0,16585701.520311655
2024-10-23,9384.0,9800.0,9361.0,9723.9,13396762.81593848
2024-10-24,9723.0,9820.0,9053.0,9160.4,14297589.758212058
2024-10-25,9160.4,9310.0,8500.0,9088.0,16094334.506766533
2024-10-26,9088.0,9642.0,8956.6,9484.0,10516208.89804325
2024-10-27,9484.0,10950.0,9440.0,10635.0,33971744.57779698
2024-10-28,10610.0,12300.0,10560.0,11412.0,47103887.56239172
2024-10-29,11412.0,12274.0,11400.0,11588.0,24472236.782816123
2024-10-30,11627.9,11928.0,11000.0,11080.0,19348118.732016426
2024-10-31,11022.2,11740.0,10660.0,11199.0,25843042.314511634
2024-11-01,11180.4,11359.9,10820.0,11125.5,11773937.945343558
2024-11-02,11126.0,11196.9,9940.1,10482.0,20323225.18431541
2024-11-03,10480.0,11200.0,10445.1,11119.8,21992497.731277928
2024-11-04,11120.0,12423.0,10666.6,11698.0,36470052.09366342
2024-11-05,11700.0,15050.0,11500.0,13690.0,77029385.5793307
2024-11-06,13691.0,14110.0,12950.0,13447.8,27087941.174219016
2024-11-07,13410.0,13998.0,13250.0,13632.0,24440147.53388339
2024-11-08,13632.0,14700.0,13631.9,14454.3,30196591.4426903
2024-11-09,14454.3,20470.0,14400.1,18139.0,64192548.55990654
2024-11-10,18139.0,22198.0,16300.0,21778.9,77221127.30284837
2024-11-11,21780.0,29800.0,18500.0,26054.5,145419868.3844049
2024-11-12,26054.5,29801.0,23500.0,26385.0,73426237.14739473
2024-11-13,26312.0,28500.0,25500.0,27147.0,36665419.73513015
2024-11-14,27147.0,27194.0,24500.0,26089.0,29076774.307035297
2024-11-15,26089.0,26985.0,24911.0,25345.0,24821372.769641202
2024-11-16,25340.1,25999.0,23000.0,24850.0,20955701.767402492
2024-11-17,24889.0,26200.0,24501.0,26061.0,20417774.120294444
2024-11-18,26060.8,29200.0,25300.0,27900.0,37034493.861197226
2024-11-19,27899.9,27899.9,25652.0,26454.0,22031451.056176297
2024-11-20,26493.0,27550.0,26050.0,27279.0,16504114.79699245
2024-11-21,27260.0,29000.0,26733.0,28300.0,27188491.34261746
2024-11-22,28300.0,34035.0,28220.0,29014.0,53213052.95424807
2024-11-23,29250.0,31797.0,28009.0,29798.0,29134048.087519143
2024-11-24,29798.0,30750.0,28111.0,28648.0,21071339.18792795
2024-11-25,28682.0,28900.0,24200.0,26787.9,27188557.907962978
2024-11-26,26787.9,28748.9,26600.0,28726.0,15632465.018711194
2024-11-27,28700.0,29950.0,27570.0,27900.0,14245533.812529545
2024-11-28,27900.2,30398.0,27847.0,30309.0,20013320.159746774
2024-11-29,30310.0,30600.0,29000.0,30018.0,17947161.945685625
2024-11-30,30000.1,31500.0,29480.0,30401.1,20766418.361846607
2024-12-01,30410.0,32900.0,29050.0,30600.0,32697396.25272321
2024-12-02,30605.0,31076.0,28495.0,29611.5,20068617.17158545
2024-12-03,29612.0,30820.0,29050.0,30500.0,17057063.683539204
2024-12-04,30580.1,33500.0,29901.0,31156.0,41523136.09173102
2024-12-05,31150.0,32200.0,30800.0,31980.0,13187446.705745073
2024-12-06,31956.9,33444.0,31200.0,33033.0,21823141.92476869
2024-12-07,33033.0,34750.0,32300.0,33469.0,23124125.090197217
2024-12-08,33468.0,33766.0,30881.0,30981.0,16138415.944868006
2024-12-09,30810.0,31150.0,26190.0,28945.0,22033385.18297168
2024-12-10,28945.0,31360.0,28055.0,30949.1,16076344.259757875
2024-12-11,30949.0,31300.0,29300.0,29452.0,11593010.49636995
2024-12-12,29423.0,30411.1,29313.9,30000.4,7702535.918383815
2024-12-13,30000.2,30419.0,29253.1,29500.0,7379344.81336172
2024-12-14,29500.1,30500.0,29350.0,30400.0,6501687.1494932575
2024-12-15,30400.0,31565.0,30045.1,31003.0,10314018.445080493
2024-12-16,31003.0,31550.0,30501.0,30899.0,8798992.285625845
2024-12-17,30899.0,31100.0,28200.0,28896.0,7263573.564881699
2024-12-18,28602.0,29197.0,23460.0,24120.2,17396601.52850202
2024-12-19,24120.2,25950.0,19996.6,24650.0,31423519.61115874
2024-12-20,24611.0,27450.0,23500.0,24738.4,22197875.412275378
2024-12-21,24740.0,24999.0,23500.0,24049.0,11924206.979024777
2024-12-22,24049.0,24900.0,23600.0,24899.0,11741677.51997903
2024-12-23,24899.0,26999.0,24789.8,25703.2,15481145.723768514
2024-12-24,25702.0,26880.0,25680.0,26450.0,8679672.431811575
2024-12-25,26438.9,26660.0,25000.0,25097.0,6975462.936932636
2024-12-26,25070.8,25999.9,24849.0,25161.0,6070897.349435229
2024-12-27,25161.0,26299.9,24948.4,25830.0,6466075.1799797155
2024-12-28,25830.0,26666.0,24235.3,24270.0,8581502.969905438
2024-12-29,24279.6,25800.0,24109.0,25600.3,9108707.675996423
2024-12-30,25591.6,26000.0,24521.0,25200.0,8414403.979057668
2024-12-31,25165.1,26118.6,25001.0,25979.8,6396269.709427623
2025-01-01,25979.8,27700.0,25830.0,26941.0,11330448.432895718
2025-01-02,26919.0,29841.0,26460.0,29112.0,15815916.356957683
2025-01-03,29112.0,30900.0,29003.0,30300.0,16422632.623210734
2025-01-04,30328.0,31100.0,29735.4,30215.0,9311649.86206158
2025-01-05,30201.0,31200.0,29805.0,30967.4,8687677.845321894
2025-01-06,30967.4,31500.0,28000.0,28170.0,14995131.736596253
2025-01-07,28170.0,28898.0,26550.0,27389.0,12950404.217238406
2025-01-08,27389.0,28189.9,26050.0,26252.4,9952814.446381712
2025-01-09,26251.1,27949.0,26130.1,27240.1,10594468.136511851
2025-01-10,27240.1,27780.0,27030.0,27740.0,4786601.704440815
2025-01-11,27740.0,28375.0,27330.0,27665.5,6713623.753981668
2025-01-12,27620.0,28200.0,25960.0,26900.0,8124704.212031886
2025-01-13,26901.0,29457.9,26900.0,28802.0,11106132.541936196
2025-01-14,28803.0,30400.0,28211.4,30214.2,12040002.156446762
2025-01-15,30045.1,31250.0,29416.4,30620.0,12785274.359302344
2025-01-16,30620.0,33602.0,30085.0,32901.0,20078216.071357172
2025-01-17,32911.0,34200.0,30650.0,32030.0,15227845.659581516
2025-01-18,32030.0,33300.0,29500.0,32430.0,13936875.572946504
2025-01-19,32425.0,32498.0,29000.0,29600.0,16902678.565574795
2025-01-20,29686.8,33150.0,28000.0,31554.0,19364498.620075986
2025-01-21,31550.0,31710.0,29700.0,30080.0,7611527.019331091
2025-01-22,30075.0,30809.0,29170.0,29950.0,7449757.699483579
2025-01-23,29900.0,30330.0,29020.0,29449.9,5548057.255109106
2025-01-24,29430.0,30033.0,29000.0,29803.0,4604557.280793121
2025-01-25,29803.0,29990.0,29402.0,29569.3,2928065.697072631
2025-01-26,29510.6,29600.0,26003.0,27450.0,12365674.861084152
2025-01-27,27390.0,28600.0,27200.0,27301.0,6096547.397999354
2025-01-28,27300.0,27999.0,26406.3,27901.0,7109899.543935938
2025-01-29,27901.0,28351.0,27100.0,27993.9,5013340.15124335
2025-01-30,27990.0,28380.0,27000.0,27095.8,6133078.980263858
2025-01-31,27021.0,27690.0,26334.0,26351.0,4102651.6514158077
2025-02-01,26351.0,26840.0,22130.0,23490.0,14324924.64275805
2025-02-02,23484.0,24660.0,18120.0,23613.1,27222718.239553418
2025-02-03,23613.0,24740.0,21500.0,22309.9,12232000.762888497
2025-02-04,22305.0,23110.0,21700.0,22156.8,7154438.559045732
2025-02-05,22156.8,22750.0,21000.0,21399.0,7031585.79176481
2025-02-06,21385.0,22693.0,21270.0,21612.0,7231600.751291903
2025-02-07,21602.7,22479.9,20865.0,22189.8,6066287.866154624
2025-02-08,22163.0,23100.0,22035.2,22901.1,5920173.311216392
2025-02-09,22901.1,23600.0,21950.0,22889.8,7926056.65674599
2025-02-10,22860.2,24900.0,22043.0,22278.8,9286377.077997452
2025-02-11,22278.9,23500.0,22000.0,23410.0,6982066.750984096
2025-02-12,23403.2,23680.0,22603.3,23000.0,5405206.7568179425
2025-02-13,23024.0,25236.3,22927.5,24378.2,9861906.116735918
2025-02-14,24380.0,25339.9,23777.0,24360.0,8982023.682978956
2025-02-15,24363.0,24750.0,24050.0,24187.8,4071725.1468395507
2025-02-16,24158.8,24439.8,23201.0,23585.0,5340787.3021646645
2025-02-17,23578.0,23950.0,22301.0,22733.0,4658353.590565462
2025-02-18,22704.1,23598.8,22555.1,23222.5,4452749.084227359
2025-02-19,23230.0,23880.0,23119.0,23315.1,4718185.968803262
2025-02-20,23316.0,23760.0,21721.9,22040.0,9185462.846917754
2025-02-21,22040.0,22800.0,21520.0,22262.0,5496884.863864573
2025-02-22,22269.9,22699.9,22010.0,22010.0,3566428.9502821453
2025-02-23,22010.1,22409.9,20007.7,20427.0,6686313.655543422
2025-02-24,20427.0,20614.0,18043.0,19508.1,17070439.6607416
2025-02-25,19550.0,19919.9,18380.0,18899.0,9927613.400426485
2025-02-26,18890.0,19700.0,18700.0,18845.8,6813005.452185321
2025-02-27,18780.0,19320.0,17000.0,18453.6,14184412.395178333
2025-02-28,18479.9,19452.9,18371.8,18711.7,6353120.20282676
2025-03-01,18705.0,21250.0,18401.0,20750.0,14530070.355493508
2025-03-02,20750.0,21416.0,18000.0,18115.4,10709506.259003606
2025-03-03,18130.0,18899.9,17001.0,18127.0,10115734.411141295
2025-03-04,18131.7,18700.0,17700.0,18286.0,6306504.457509557
2025-03-05,18231.0,19700.0,17850.0,17912.2,8579054.208879603
2025-03-06,17912.2,18360.0,17300.0,18313.7,3591582.5450273706
